[{"model": "admin.logentry", "pk": 1, "fields": {"action_time": "2023-03-30T12:33:08.456Z", "user": 1, "content_type": 7, "object_id": "1", "object_repr": "ahmetdemirr0@gmail.com", "action_flag": 1, "change_message": "[{\"added\": {}}]"}}, {"model": "admin.logentry", "pk": 2, "fields": {"action_time": "2023-03-30T12:35:57.523Z", "user": 1, "content_type": 7, "object_id": "1", "object_repr": "ahmetdemirr0@gmail.com", "action_flag": 2, "change_message": "[{\"changed\": {\"fields\": [\"Profile picture\", \"Cover photo\", \"Address line 1\", \"Address line 2\"]}}]"}}, {"model": "admin.logentry", "pk": 3, "fields": {"action_time": "2023-03-30T13:05:12.492Z", "user": 1, "content_type": 7, "object_id": "1", "object_repr": "ahmetdemirr0@gmail.com", "action_flag": 2, "change_message": "[{\"changed\": {\"fields\": [\"Profile picture\", \"Cover photo\"]}}]"}}, {"model": "admin.logentry", "pk": 4, "fields": {"action_time": "2023-03-30T13:18:32.305Z", "user": 1, "content_type": 6, "object_id": "2", "object_repr": "", "action_flag": 1, "change_message": "[{\"added\": {}}]"}}, {"model": "admin.logentry", "pk": 5, "fields": {"action_time": "2023-03-30T13:23:52.178Z", "user": 1, "content_type": 6, "object_id": "2", "object_repr": "", "action_flag": 3, "change_message": ""}}, {"model": "admin.logentry", "pk": 6, "fields": {"action_time": "2023-03-30T13:24:03.749Z", "user": 1, "content_type": 6, "object_id": "3", "object_repr": "", "action_flag": 1, "change_message": "[{\"added\": {}}]"}}, {"model": "admin.logentry", "pk": 7, "fields": {"action_time": "2023-03-30T13:26:40.509Z", "user": 1, "content_type": 6, "object_id": "3", "object_repr": "", "action_flag": 3, "change_message": ""}}, {"model": "admin.logentry", "pk": 8, "fields": {"action_time": "2023-03-30T13:26:51.157Z", "user": 1, "content_type": 6, "object_id": "4", "object_repr": "", "action_flag": 1, "change_message": "[{\"added\": {}}]"}}, {"model": "admin.logentry", "pk": 9, "fields": {"action_time": "2023-03-30T13:27:30.153Z", "user": 1, "content_type": 6, "object_id": "4", "object_repr": "s.ahmetdemirr@gmail.com", "action_flag": 2, "change_message": "[{\"changed\": {\"fields\": [\"First name\", \"Last name\", \"Username\", \"Email\", \"Phone number\"]}}]"}}, {"model": "admin.logentry", "pk": 10, "fields": {"action_time": "2023-03-30T13:35:55.168Z", "user": 1, "content_type": 7, "object_id": "3", "object_repr": "s.ahmetdemirr@gmail.com", "action_flag": 3, "change_message": ""}}, {"model": "admin.logentry", "pk": 11, "fields": {"action_time": "2023-03-30T13:36:38.969Z", "user": 1, "content_type": 6, "object_id": "4", "object_repr": "s.ahmetdemirr@gmail.com", "action_flag": 2, "change_message": "[]"}}, {"model": "admin.logentry", "pk": 12, "fields": {"action_time": "2023-03-30T13:36:43.783Z", "user": 1, "content_type": 6, "object_id": "4", "object_repr": "s.ahmetdemirr@gmail.com", "action_flag": 2, "change_message": "[]"}}, {"model": "admin.logentry", "pk": 13, "fields": {"action_time": "2023-03-30T13:41:43.264Z", "user": 1, "content_type": 6, "object_id": "5", "object_repr": "", "action_flag": 1, "change_message": "[{\"added\": {}}]"}}, {"model": "admin.logentry", "pk": 14, "fields": {"action_time": "2023-03-30T13:43:11.867Z", "user": 1, "content_type": 6, "object_id": "5", "object_repr": "asdasda@gmail.com", "action_flag": 2, "change_message": "[{\"changed\": {\"fields\": [\"First name\", \"Last name\", \"Email\"]}}]"}}, {"model": "admin.logentry", "pk": 15, "fields": {"action_time": "2023-03-30T13:47:18.128Z", "user": 1, "content_type": 6, "object_id": "6", "object_repr": "", "action_flag": 1, "change_message": "[{\"added\": {}}]"}}, {"model": "admin.logentry", "pk": 16, "fields": {"action_time": "2023-03-30T13:47:33.820Z", "user": 1, "content_type": 6, "object_id": "6", "object_repr": "black@gmail.com", "action_flag": 2, "change_message": "[{\"changed\": {\"fields\": [\"First name\", \"Last name\", \"Email\"]}}]"}}, {"model": "admin.logentry", "pk": 17, "fields": {"action_time": "2023-03-30T13:50:03.652Z", "user": 1, "content_type": 6, "object_id": "6", "object_repr": "black@gmail.com", "action_flag": 3, "change_message": ""}}, {"model": "admin.logentry", "pk": 18, "fields": {"action_time": "2023-03-30T13:50:14.695Z", "user": 1, "content_type": 6, "object_id": "7", "object_repr": "", "action_flag": 1, "change_message": "[{\"added\": {}}]"}}, {"model": "admin.logentry", "pk": 19, "fields": {"action_time": "2023-03-30T13:50:34.642Z", "user": 1, "content_type": 6, "object_id": "7", "object_repr": "black@gmail.com", "action_flag": 2, "change_message": "[{\"changed\": {\"fields\": [\"First name\", \"Last name\", \"Username\", \"Email\"]}}]"}}, {"model": "admin.logentry", "pk": 20, "fields": {"action_time": "2023-03-31T14:44:42.906Z", "user": 1, "content_type": 6, "object_id": "16", "object_repr": "qqq@gmail.com", "action_flag": 3, "change_message": ""}}, {"model": "admin.logentry", "pk": 21, "fields": {"action_time": "2023-03-31T14:44:42.910Z", "user": 1, "content_type": 6, "object_id": "15", "object_repr": "1223@gmail.com", "action_flag": 3, "change_message": ""}}, {"model": "admin.logentry", "pk": 22, "fields": {"action_time": "2023-03-31T14:44:42.911Z", "user": 1, "content_type": 6, "object_id": "14", "object_repr": "123@gmail.com", "action_flag": 3, "change_message": ""}}, {"model": "admin.logentry", "pk": 23, "fields": {"action_time": "2023-03-31T14:44:42.912Z", "user": 1, "content_type": 6, "object_id": "13", "object_repr": "test@gmail.com", "action_flag": 3, "change_message": ""}}, {"model": "admin.logentry", "pk": 24, "fields": {"action_time": "2023-03-31T14:44:42.913Z", "user": 1, "content_type": 6, "object_id": "12", "object_repr": "111@gmail.com", "action_flag": 3, "change_message": ""}}, {"model": "admin.logentry", "pk": 25, "fields": {"action_time": "2023-03-31T14:44:42.915Z", "user": 1, "content_type": 6, "object_id": "11", "object_repr": "aaa@gmail.com", "action_flag": 3, "change_message": ""}}, {"model": "admin.logentry", "pk": 26, "fields": {"action_time": "2023-03-31T14:44:52.827Z", "user": 1, "content_type": 6, "object_id": "10", "object_repr": "ccc@gmail.com", "action_flag": 3, "change_message": ""}}, {"model": "admin.logentry", "pk": 27, "fields": {"action_time": "2023-03-31T14:44:52.830Z", "user": 1, "content_type": 6, "object_id": "9", "object_repr": "zzz@gmail.com", "action_flag": 3, "change_message": ""}}, {"model": "admin.logentry", "pk": 28, "fields": {"action_time": "2023-03-31T14:44:52.831Z", "user": 1, "content_type": 6, "object_id": "8", "object_repr": "aa@gmail.com", "action_flag": 3, "change_message": ""}}, {"model": "admin.logentry", "pk": 29, "fields": {"action_time": "2023-03-31T14:45:00.311Z", "user": 1, "content_type": 6, "object_id": "7", "object_repr": "black@gmail.com", "action_flag": 3, "change_message": ""}}, {"model": "admin.logentry", "pk": 30, "fields": {"action_time": "2023-03-31T14:45:00.314Z", "user": 1, "content_type": 6, "object_id": "5", "object_repr": "asdasda@gmail.com", "action_flag": 3, "change_message": ""}}, {"model": "admin.logentry", "pk": 31, "fields": {"action_time": "2023-04-11T15:16:52.322Z", "user": 1, "content_type": 6, "object_id": "4", "object_repr": "s.ahmetdemirr@gmail.com", "action_flag": 2, "change_message": "[{\"changed\": {\"fields\": [\"Is active\"]}}]"}}, {"model": "admin.logentry", "pk": 32, "fields": {"action_time": "2023-04-11T15:16:56.529Z", "user": 1, "content_type": 6, "object_id": "17", "object_repr": "testtest@test.com", "action_flag": 2, "change_message": "[{\"changed\": {\"fields\": [\"Is active\"]}}]"}}, {"model": "admin.logentry", "pk": 33, "fields": {"action_time": "2023-04-11T15:24:32.457Z", "user": 1, "content_type": 6, "object_id": "18", "object_repr": "aaa@aaa.com", "action_flag": 2, "change_message": "[{\"changed\": {\"fields\": [\"Is active\"]}}]"}}, {"model": "admin.logentry", "pk": 34, "fields": {"action_time": "2023-04-11T15:41:57.288Z", "user": 1, "content_type": 6, "object_id": "17", "object_repr": "testtest@test.com", "action_flag": 3, "change_message": ""}}, {"model": "admin.logentry", "pk": 35, "fields": {"action_time": "2023-04-11T15:43:57.122Z", "user": 1, "content_type": 6, "object_id": "19", "object_repr": "bbb@bbb.com", "action_flag": 2, "change_message": "[{\"changed\": {\"fields\": [\"Is active\"]}}]"}}, {"model": "admin.logentry", "pk": 36, "fields": {"action_time": "2023-04-11T15:50:36.664Z", "user": 1, "content_type": 6, "object_id": "19", "object_repr": "bbb@bbb.com", "action_flag": 3, "change_message": ""}}, {"model": "admin.logentry", "pk": 37, "fields": {"action_time": "2023-04-11T15:50:41.112Z", "user": 1, "content_type": 6, "object_id": "18", "object_repr": "aaa@aaa.com", "action_flag": 3, "change_message": ""}}, {"model": "admin.logentry", "pk": 38, "fields": {"action_time": "2023-04-11T15:50:47.264Z", "user": 1, "content_type": 6, "object_id": "4", "object_repr": "s.ahmetdemirr@gmail.com", "action_flag": 3, "change_message": ""}}, {"model": "admin.logentry", "pk": 39, "fields": {"action_time": "2023-04-11T15:52:47.740Z", "user": 1, "content_type": 6, "object_id": "20", "object_repr": "ahmetdemir@gmail.com", "action_flag": 2, "change_message": "[{\"changed\": {\"fields\": [\"Is active\"]}}]"}}, {"model": "admin.logentry", "pk": 40, "fields": {"action_time": "2023-04-11T15:52:51.479Z", "user": 1, "content_type": 6, "object_id": "21", "object_repr": "ahmetdemirr@gmail.com", "action_flag": 2, "change_message": "[{\"changed\": {\"fields\": [\"Is active\"]}}]"}}, {"model": "admin.logentry", "pk": 41, "fields": {"action_time": "2023-04-11T15:57:40.626Z", "user": 1, "content_type": 6, "object_id": "20", "object_repr": "ahmetdemir@gmail.com", "action_flag": 2, "change_message": "[]"}}, {"model": "admin.logentry", "pk": 42, "fields": {"action_time": "2023-04-11T15:58:20.661Z", "user": 1, "content_type": 6, "object_id": "20", "object_repr": "ahmetdemir@gmail.com", "action_flag": 3, "change_message": ""}}, {"model": "admin.logentry", "pk": 43, "fields": {"action_time": "2023-04-11T15:59:44.333Z", "user": 1, "content_type": 6, "object_id": "22", "object_repr": "ahmetdemir@gmail.com", "action_flag": 2, "change_message": "[{\"changed\": {\"fields\": [\"Is active\"]}}]"}}, {"model": "admin.logentry", "pk": 44, "fields": {"action_time": "2023-04-11T16:05:23.302Z", "user": 1, "content_type": 8, "object_id": "4", "object_repr": "Test Restaurant", "action_flag": 2, "change_message": "[{\"changed\": {\"fields\": [\"Is approved\"]}}]"}}, {"model": "admin.logentry", "pk": 45, "fields": {"action_time": "2023-04-11T16:19:47.987Z", "user": 1, "content_type": 6, "object_id": "22", "object_repr": "ahmetdemir@gmail.com", "action_flag": 2, "change_message": "[]"}}, {"model": "admin.logentry", "pk": 46, "fields": {"action_time": "2023-04-11T16:21:17.576Z", "user": 1, "content_type": 6, "object_id": "22", "object_repr": "ahmetdemir@gmail.com", "action_flag": 2, "change_message": "[{\"changed\": {\"fields\": [\"Role\"]}}]"}}, {"model": "admin.logentry", "pk": 47, "fields": {"action_time": "2023-04-11T16:21:53.695Z", "user": 1, "content_type": 8, "object_id": "5", "object_repr": "Test Restaurantt", "action_flag": 1, "change_message": "[{\"added\": {}}]"}}, {"model": "admin.logentry", "pk": 48, "fields": {"action_time": "2023-04-11T16:22:21.644Z", "user": 1, "content_type": 6, "object_id": "22", "object_repr": "ahmetdemir@gmail.com", "action_flag": 2, "change_message": "[{\"changed\": {\"fields\": [\"Role\"]}}]"}}, {"model": "admin.logentry", "pk": 49, "fields": {"action_time": "2023-04-11T16:22:55.765Z", "user": 1, "content_type": 6, "object_id": "22", "object_repr": "ahmetdemir@gmail.com", "action_flag": 3, "change_message": ""}}, {"model": "admin.logentry", "pk": 50, "fields": {"action_time": "2023-04-11T16:23:07.700Z", "user": 1, "content_type": 8, "object_id": "5", "object_repr": "Test Restaurantt", "action_flag": 3, "change_message": ""}}, {"model": "admin.logentry", "pk": 51, "fields": {"action_time": "2023-04-11T16:24:36.064Z", "user": 1, "content_type": 6, "object_id": "23", "object_repr": "black@black.com", "action_flag": 2, "change_message": "[{\"changed\": {\"fields\": [\"Is active\"]}}]"}}, {"model": "admin.logentry", "pk": 52, "fields": {"action_time": "2023-04-11T19:55:52.184Z", "user": 1, "content_type": 6, "object_id": "24", "object_repr": "humeyra@gmail.com", "action_flag": 2, "change_message": "[{\"changed\": {\"fields\": [\"Is active\"]}}]"}}, {"model": "admin.logentry", "pk": 53, "fields": {"action_time": "2023-04-12T07:48:59.171Z", "user": 1, "content_type": 6, "object_id": "24", "object_repr": "humeyra@gmail.com", "action_flag": 3, "change_message": ""}}, {"model": "admin.logentry", "pk": 54, "fields": {"action_time": "2023-04-12T07:48:59.175Z", "user": 1, "content_type": 6, "object_id": "23", "object_repr": "black@black.com", "action_flag": 3, "change_message": ""}}, {"model": "admin.logentry", "pk": 55, "fields": {"action_time": "2023-04-12T07:56:11.271Z", "user": 1, "content_type": 6, "object_id": "25", "object_repr": "black@black.com", "action_flag": 2, "change_message": "[{\"changed\": {\"fields\": [\"Is active\"]}}]"}}, {"model": "admin.logentry", "pk": 56, "fields": {"action_time": "2023-04-12T07:56:15.123Z", "user": 1, "content_type": 6, "object_id": "25", "object_repr": "black@black.com", "action_flag": 2, "change_message": "[]"}}, {"model": "admin.logentry", "pk": 57, "fields": {"action_time": "2023-04-12T09:15:59.749Z", "user": 1, "content_type": 6, "object_id": "26", "object_repr": "white@white.com", "action_flag": 2, "change_message": "[{\"changed\": {\"fields\": [\"Is active\"]}}]"}}, {"model": "admin.logentry", "pk": 58, "fields": {"action_time": "2023-04-14T08:03:54.226Z", "user": 1, "content_type": 6, "object_id": "27", "object_repr": "customer.foodonlinee@gmail.com", "action_flag": 3, "change_message": ""}}, {"model": "admin.logentry", "pk": 59, "fields": {"action_time": "2023-04-14T09:00:47.469Z", "user": 1, "content_type": 6, "object_id": "28", "object_repr": "customer.foodonlinee@gmail.com", "action_flag": 3, "change_message": ""}}, {"model": "admin.logentry", "pk": 60, "fields": {"action_time": "2023-04-14T09:07:44.969Z", "user": 1, "content_type": 6, "object_id": "29", "object_repr": "customer.foodonlinee@gmail.com", "action_flag": 3, "change_message": ""}}, {"model": "admin.logentry", "pk": 61, "fields": {"action_time": "2023-04-14T09:09:30.329Z", "user": 1, "content_type": 6, "object_id": "30", "object_repr": "customer.foodonlinee@gmail.com", "action_flag": 3, "change_message": ""}}, {"model": "admin.logentry", "pk": 62, "fields": {"action_time": "2023-04-14T09:14:01.965Z", "user": 1, "content_type": 6, "object_id": "31", "object_repr": "customer.foodonlinee@gmail.com", "action_flag": 3, "change_message": ""}}, {"model": "admin.logentry", "pk": 63, "fields": {"action_time": "2023-04-14T09:16:37.800Z", "user": 1, "content_type": 6, "object_id": "32", "object_repr": "customer.foodonlinee@gmail.com", "action_flag": 3, "change_message": ""}}, {"model": "admin.logentry", "pk": 64, "fields": {"action_time": "2023-04-14T09:23:38.185Z", "user": 1, "content_type": 6, "object_id": "33", "object_repr": "customer.foodonlinee@gmail.com", "action_flag": 3, "change_message": ""}}, {"model": "admin.logentry", "pk": 65, "fields": {"action_time": "2023-04-14T09:25:01.101Z", "user": 1, "content_type": 6, "object_id": "34", "object_repr": "customer.foodonlinee@gmail.com", "action_flag": 3, "change_message": ""}}, {"model": "admin.logentry", "pk": 66, "fields": {"action_time": "2023-04-14T13:10:08.892Z", "user": 1, "content_type": 6, "object_id": "36", "object_repr": "customer.foodonlinee@gmail.com", "action_flag": 3, "change_message": ""}}, {"model": "admin.logentry", "pk": 67, "fields": {"action_time": "2023-04-14T13:29:00.858Z", "user": 1, "content_type": 6, "object_id": "37", "object_repr": "customer.foodonlinee@gmail.com", "action_flag": 3, "change_message": ""}}, {"model": "admin.logentry", "pk": 68, "fields": {"action_time": "2023-04-14T15:52:49.953Z", "user": 1, "content_type": 6, "object_id": "38", "object_repr": "customer.foodonlinee@gmail.com", "action_flag": 3, "change_message": ""}}, {"model": "admin.logentry", "pk": 69, "fields": {"action_time": "2023-04-14T15:54:42.516Z", "user": 1, "content_type": 6, "object_id": "39", "object_repr": "customer.foodonlinee@gmail.com", "action_flag": 3, "change_message": ""}}, {"model": "admin.logentry", "pk": 70, "fields": {"action_time": "2023-04-14T15:59:02.350Z", "user": 1, "content_type": 6, "object_id": "40", "object_repr": "customer.foodonlinee@gmail.com", "action_flag": 3, "change_message": ""}}, {"model": "admin.logentry", "pk": 71, "fields": {"action_time": "2023-04-14T19:46:20.529Z", "user": 1, "content_type": 6, "object_id": "41", "object_repr": "customer.foodonlinee@gmail.com", "action_flag": 3, "change_message": ""}}, {"model": "admin.logentry", "pk": 72, "fields": {"action_time": "2023-04-14T19:56:45.612Z", "user": 1, "content_type": 6, "object_id": "43", "object_repr": "vendor.foodonlinee@gmail.com", "action_flag": 3, "change_message": ""}}, {"model": "admin.logentry", "pk": 73, "fields": {"action_time": "2023-04-14T19:56:45.615Z", "user": 1, "content_type": 6, "object_id": "42", "object_repr": "customer.foodonlinee@gmail.com", "action_flag": 3, "change_message": ""}}, {"model": "admin.logentry", "pk": 74, "fields": {"action_time": "2023-04-14T19:59:12.698Z", "user": 1, "content_type": 6, "object_id": "45", "object_repr": "vendor.foodonlinee@gmail.com", "action_flag": 3, "change_message": ""}}, {"model": "admin.logentry", "pk": 75, "fields": {"action_time": "2023-04-14T19:59:12.700Z", "user": 1, "content_type": 6, "object_id": "44", "object_repr": "customer.foodonlinee@gmail.com", "action_flag": 3, "change_message": ""}}, {"model": "admin.logentry", "pk": 76, "fields": {"action_time": "2023-04-14T20:14:56.970Z", "user": 1, "content_type": 6, "object_id": "46", "object_repr": "customer.foodonlinee@gmail.com", "action_flag": 3, "change_message": ""}}, {"model": "admin.logentry", "pk": 77, "fields": {"action_time": "2023-04-15T07:22:54.024Z", "user": 1, "content_type": 6, "object_id": "26", "object_repr": "white@white.com", "action_flag": 3, "change_message": ""}}, {"model": "admin.logentry", "pk": 78, "fields": {"action_time": "2023-04-15T07:22:54.028Z", "user": 1, "content_type": 6, "object_id": "25", "object_repr": "black@black.com", "action_flag": 3, "change_message": ""}}, {"model": "admin.logentry", "pk": 79, "fields": {"action_time": "2023-04-15T07:23:01.727Z", "user": 1, "content_type": 6, "object_id": "21", "object_repr": "ahmetdemirr@gmail.com", "action_flag": 3, "change_message": ""}}, {"model": "admin.logentry", "pk": 80, "fields": {"action_time": "2023-04-15T07:23:53.497Z", "user": 1, "content_type": 6, "object_id": "48", "object_repr": "vendor.foodonlinee@gmail.com", "action_flag": 3, "change_message": ""}}, {"model": "admin.logentry", "pk": 81, "fields": {"action_time": "2023-04-15T07:27:36.738Z", "user": 1, "content_type": 6, "object_id": "49", "object_repr": "vendor.foodonlinee@gmail.com", "action_flag": 3, "change_message": ""}}, {"model": "admin.logentry", "pk": 82, "fields": {"action_time": "2023-04-25T12:44:39.585Z", "user": 1, "content_type": 8, "object_id": "10", "object_repr": "VendorRestaurant", "action_flag": 2, "change_message": "[{\"changed\": {\"fields\": [\"Is approved\"]}}]"}}, {"model": "admin.logentry", "pk": 83, "fields": {"action_time": "2023-04-25T12:44:46.265Z", "user": 1, "content_type": 8, "object_id": "10", "object_repr": "VendorRestaurant", "action_flag": 2, "change_message": "[]"}}, {"model": "admin.logentry", "pk": 84, "fields": {"action_time": "2023-04-25T12:44:54.553Z", "user": 1, "content_type": 8, "object_id": "10", "object_repr": "VendorRestaurant", "action_flag": 2, "change_message": "[{\"changed\": {\"fields\": [\"Is approved\"]}}]"}}, {"model": "admin.logentry", "pk": 85, "fields": {"action_time": "2023-04-25T13:21:47.255Z", "user": 1, "content_type": 8, "object_id": "10", "object_repr": "VendorRestaurant", "action_flag": 2, "change_message": "[{\"changed\": {\"fields\": [\"Is approved\"]}}]"}}, {"model": "admin.logentry", "pk": 86, "fields": {"action_time": "2023-04-25T13:21:56.341Z", "user": 1, "content_type": 8, "object_id": "10", "object_repr": "VendorRestaurant", "action_flag": 2, "change_message": "[{\"changed\": {\"fields\": [\"Is approved\"]}}]"}}, {"model": "admin.logentry", "pk": 87, "fields": {"action_time": "2023-04-25T13:23:41.742Z", "user": 1, "content_type": 8, "object_id": "10", "object_repr": "VendorRestaurant", "action_flag": 2, "change_message": "[{\"changed\": {\"fields\": [\"Is approved\"]}}]"}}, {"model": "admin.logentry", "pk": 88, "fields": {"action_time": "2023-04-26T13:17:51.433Z", "user": 1, "content_type": 7, "object_id": "49", "object_repr": "vendor.foodonlinee@gmail.com", "action_flag": 2, "change_message": "[{\"changed\": {\"fields\": [\"Profile picture\", \"Cover photo\", \"Address line 1\", \"Address line 2\", \"Country\", \"State\", \"City\"]}}]"}}, {"model": "admin.logentry", "pk": 89, "fields": {"action_time": "2023-04-26T13:40:06.701Z", "user": 1, "content_type": 7, "object_id": "49", "object_repr": "vendor.foodonlinee@gmail.com", "action_flag": 2, "change_message": "[{\"changed\": {\"fields\": [\"Profile picture\"]}}]"}}, {"model": "admin.logentry", "pk": 90, "fields": {"action_time": "2023-05-01T14:11:42.323Z", "user": 1, "content_type": 7, "object_id": "49", "object_repr": "vendor.foodonlinee@gmail.com", "action_flag": 2, "change_message": "[{\"changed\": {\"fields\": [\"Address\"]}}]"}}, {"model": "admin.logentry", "pk": 91, "fields": {"action_time": "2023-05-08T13:15:05.493Z", "user": 1, "content_type": 9, "object_id": "1", "object_repr": "Burgers", "action_flag": 1, "change_message": "[{\"added\": {}}]"}}, {"model": "admin.logentry", "pk": 92, "fields": {"action_time": "2023-05-08T13:15:25.241Z", "user": 1, "content_type": 9, "object_id": "2", "object_repr": "Pizza", "action_flag": 1, "change_message": "[{\"added\": {}}]"}}, {"model": "admin.logentry", "pk": 93, "fields": {"action_time": "2023-05-08T13:15:32.864Z", "user": 1, "content_type": 9, "object_id": "3", "object_repr": "Sea Food", "action_flag": 1, "change_message": "[{\"added\": {}}]"}}, {"model": "admin.logentry", "pk": 94, "fields": {"action_time": "2023-05-08T13:15:48.335Z", "user": 1, "content_type": 9, "object_id": "4", "object_repr": "Chicken", "action_flag": 1, "change_message": "[{\"added\": {}}]"}}, {"model": "admin.logentry", "pk": 95, "fields": {"action_time": "2023-05-08T13:18:04.040Z", "user": 1, "content_type": 10, "object_id": "1", "object_repr": "Burger One", "action_flag": 1, "change_message": "[{\"added\": {}}]"}}, {"model": "admin.logentry", "pk": 96, "fields": {"action_time": "2023-05-08T13:18:27.121Z", "user": 1, "content_type": 10, "object_id": "2", "object_repr": "Italian Pizza", "action_flag": 1, "change_message": "[{\"added\": {}}]"}}, {"model": "admin.logentry", "pk": 97, "fields": {"action_time": "2023-05-08T13:18:50.782Z", "user": 1, "content_type": 10, "object_id": "3", "object_repr": "Pizza One", "action_flag": 1, "change_message": "[{\"added\": {}}]"}}, {"model": "admin.logentry", "pk": 98, "fields": {"action_time": "2023-05-08T13:19:16.655Z", "user": 1, "content_type": 10, "object_id": "4", "object_repr": "Sea Food One", "action_flag": 1, "change_message": "[{\"added\": {}}]"}}, {"model": "admin.logentry", "pk": 99, "fields": {"action_time": "2023-05-08T13:19:51.785Z", "user": 1, "content_type": 10, "object_id": "5", "object_repr": "Fried Chicken", "action_flag": 1, "change_message": "[{\"added\": {}}]"}}, {"model": "admin.logentry", "pk": 100, "fields": {"action_time": "2023-05-08T13:20:35.718Z", "user": 1, "content_type": 10, "object_id": "6", "object_repr": "Barbecue Chicken", "action_flag": 1, "change_message": "[{\"added\": {}}]"}}, {"model": "admin.logentry", "pk": 101, "fields": {"action_time": "2023-05-08T14:44:51.869Z", "user": 1, "content_type": 9, "object_id": "2", "object_repr": "Pizza", "action_flag": 2, "change_message": "[{\"changed\": {\"fields\": [\"Description\"]}}]"}}, {"model": "admin.logentry", "pk": 102, "fields": {"action_time": "2023-05-09T13:31:08.133Z", "user": 1, "content_type": 9, "object_id": "5", "object_repr": "Test Blank Category", "action_flag": 1, "change_message": "[{\"added\": {}}]"}}, {"model": "admin.logentry", "pk": 103, "fields": {"action_time": "2023-05-10T19:05:38.742Z", "user": 1, "content_type": 7, "object_id": "50", "object_repr": "vendor2.foodonlinee@gmail.com", "action_flag": 3, "change_message": ""}}, {"model": "admin.logentry", "pk": 104, "fields": {"action_time": "2023-05-10T19:06:28.668Z", "user": 1, "content_type": 6, "object_id": "51", "object_repr": "vendor2.foodonlinee@gmail.com", "action_flag": 3, "change_message": ""}}, {"model": "admin.logentry", "pk": 105, "fields": {"action_time": "2023-05-10T19:12:11.104Z", "user": 1, "content_type": 6, "object_id": "52", "object_repr": "vendor2.foodonlinee@gmail.com", "action_flag": 3, "change_message": ""}}, {"model": "admin.logentry", "pk": 106, "fields": {"action_time": "2023-05-11T11:58:37.705Z", "user": 1, "content_type": 6, "object_id": "53", "object_repr": "customer2.foodonlinee@gmail.com", "action_flag": 3, "change_message": ""}}, {"model": "admin.logentry", "pk": 107, "fields": {"action_time": "2023-05-11T12:11:26.234Z", "user": 1, "content_type": 6, "object_id": "54", "object_repr": "vendor2.foodonlinee@gmail.com", "action_flag": 3, "change_message": ""}}, {"model": "admin.logentry", "pk": 108, "fields": {"action_time": "2023-05-11T12:33:33.318Z", "user": 1, "content_type": 6, "object_id": "55", "object_repr": "vendor2.foodonlinee@gmail.com", "action_flag": 3, "change_message": ""}}, {"model": "admin.logentry", "pk": 109, "fields": {"action_time": "2023-05-11T12:36:39.201Z", "user": 1, "content_type": 6, "object_id": "56", "object_repr": "vendor2.foodonlinee@gmail.com", "action_flag": 3, "change_message": ""}}, {"model": "admin.logentry", "pk": 110, "fields": {"action_time": "2023-05-11T12:40:37.195Z", "user": 1, "content_type": 6, "object_id": "57", "object_repr": "vendor2.foodonlinee@gmail.com", "action_flag": 3, "change_message": ""}}, {"model": "admin.logentry", "pk": 111, "fields": {"action_time": "2023-05-11T12:41:20.380Z", "user": 1, "content_type": 6, "object_id": "58", "object_repr": "asdasdaa@asdasd.gmail.com", "action_flag": 3, "change_message": ""}}, {"model": "admin.logentry", "pk": 112, "fields": {"action_time": "2023-05-11T13:47:02.147Z", "user": 1, "content_type": 8, "object_id": "18", "object_repr": "Vendor2Restaurant", "action_flag": 2, "change_message": "[{\"changed\": {\"fields\": [\"Is approved\"]}}]"}}, {"model": "admin.logentry", "pk": 113, "fields": {"action_time": "2023-05-11T16:34:36.439Z", "user": 1, "content_type": 8, "object_id": "18", "object_repr": "Vendor2Restaurant", "action_flag": 2, "change_message": "[{\"changed\": {\"fields\": [\"Vendor slug\"]}}]"}}, {"model": "admin.logentry", "pk": 114, "fields": {"action_time": "2023-05-11T16:34:53.925Z", "user": 1, "content_type": 8, "object_id": "10", "object_repr": "VendorAhmetRestaurant", "action_flag": 2, "change_message": "[{\"changed\": {\"fields\": [\"Vendor slug\"]}}]"}}, {"model": "admin.logentry", "pk": 115, "fields": {"action_time": "2023-05-11T16:43:35.920Z", "user": 1, "content_type": 8, "object_id": "19", "object_repr": "third vendor", "action_flag": 3, "change_message": ""}}, {"model": "admin.logentry", "pk": 116, "fields": {"action_time": "2023-05-11T17:25:53.727Z", "user": 1, "content_type": 7, "object_id": "49", "object_repr": "vendor.foodonlinee@gmail.com", "action_flag": 2, "change_message": "[{\"changed\": {\"fields\": [\"Profile picture\", \"Cover photo\"]}}]"}}, {"model": "admin.logentry", "pk": 117, "fields": {"action_time": "2023-05-11T17:25:56.381Z", "user": 1, "content_type": 8, "object_id": "10", "object_repr": "VendorAhmetRestaurant", "action_flag": 2, "change_message": "[]"}}, {"model": "admin.logentry", "pk": 118, "fields": {"action_time": "2023-05-13T15:22:25.107Z", "user": 1, "content_type": 10, "object_id": "6", "object_repr": "Barbecue Chicken", "action_flag": 2, "change_message": "[{\"changed\": {\"fields\": [\"Is available\"]}}]"}}, {"model": "admin.logentry", "pk": 119, "fields": {"action_time": "2023-05-17T13:06:27.336Z", "user": 1, "content_type": 11, "object_id": "3", "object_repr": "Cart object (3)", "action_flag": 3, "change_message": ""}}, {"model": "admin.logentry", "pk": 120, "fields": {"action_time": "2023-05-17T13:06:27.346Z", "user": 1, "content_type": 11, "object_id": "2", "object_repr": "Cart object (2)", "action_flag": 3, "change_message": ""}}, {"model": "admin.logentry", "pk": 121, "fields": {"action_time": "2023-05-17T13:06:27.348Z", "user": 1, "content_type": 11, "object_id": "1", "object_repr": "Cart object (1)", "action_flag": 3, "change_message": ""}}, {"model": "admin.logentry", "pk": 122, "fields": {"action_time": "2023-05-17T13:12:34.736Z", "user": 1, "content_type": 11, "object_id": "9", "object_repr": "Cart object (9)", "action_flag": 3, "change_message": ""}}, {"model": "admin.logentry", "pk": 123, "fields": {"action_time": "2023-05-17T13:12:34.739Z", "user": 1, "content_type": 11, "object_id": "8", "object_repr": "Cart object (8)", "action_flag": 3, "change_message": ""}}, {"model": "admin.logentry", "pk": 124, "fields": {"action_time": "2023-05-17T13:12:34.740Z", "user": 1, "content_type": 11, "object_id": "7", "object_repr": "Cart object (7)", "action_flag": 3, "change_message": ""}}, {"model": "admin.logentry", "pk": 125, "fields": {"action_time": "2023-05-17T13:12:34.741Z", "user": 1, "content_type": 11, "object_id": "6", "object_repr": "Cart object (6)", "action_flag": 3, "change_message": ""}}, {"model": "admin.logentry", "pk": 126, "fields": {"action_time": "2023-05-17T13:12:34.742Z", "user": 1, "content_type": 11, "object_id": "5", "object_repr": "Cart object (5)", "action_flag": 3, "change_message": ""}}, {"model": "admin.logentry", "pk": 127, "fields": {"action_time": "2023-05-17T13:12:34.742Z", "user": 1, "content_type": 11, "object_id": "4", "object_repr": "Cart object (4)", "action_flag": 3, "change_message": ""}}, {"model": "admin.logentry", "pk": 128, "fields": {"action_time": "2023-05-24T16:41:47.577Z", "user": 1, "content_type": 6, "object_id": "60", "object_repr": "test@gmail.com", "action_flag": 3, "change_message": ""}}, {"model": "admin.logentry", "pk": 129, "fields": {"action_time": "2023-05-24T16:47:20.573Z", "user": 1, "content_type": 6, "object_id": "61", "object_repr": "secondrestaurant@gmail.com", "action_flag": 2, "change_message": "[{\"changed\": {\"fields\": [\"Is active\"]}}]"}}, {"model": "admin.logentry", "pk": 130, "fields": {"action_time": "2023-05-24T16:47:25.881Z", "user": 1, "content_type": 6, "object_id": "62", "object_repr": "thirdrestaurant@gmail.com", "action_flag": 2, "change_message": "[{\"changed\": {\"fields\": [\"Is active\"]}}]"}}, {"model": "admin.logentry", "pk": 131, "fields": {"action_time": "2023-05-24T16:47:31.459Z", "user": 1, "content_type": 6, "object_id": "63", "object_repr": "fourthrestaurant@gmail.com", "action_flag": 2, "change_message": "[{\"changed\": {\"fields\": [\"Is active\"]}}]"}}, {"model": "admin.logentry", "pk": 132, "fields": {"action_time": "2023-05-24T16:47:35.007Z", "user": 1, "content_type": 6, "object_id": "64", "object_repr": "fifthrestaurant@gmail.com", "action_flag": 2, "change_message": "[{\"changed\": {\"fields\": [\"Is active\"]}}]"}}, {"model": "admin.logentry", "pk": 133, "fields": {"action_time": "2023-05-24T16:47:47.894Z", "user": 1, "content_type": 8, "object_id": "23", "object_repr": "FifthRestaurant", "action_flag": 2, "change_message": "[{\"changed\": {\"fields\": [\"Is approved\"]}}]"}}, {"model": "admin.logentry", "pk": 134, "fields": {"action_time": "2023-05-24T16:47:50.397Z", "user": 1, "content_type": 8, "object_id": "22", "object_repr": "FourthRestaurant", "action_flag": 2, "change_message": "[{\"changed\": {\"fields\": [\"Is approved\"]}}]"}}, {"model": "admin.logentry", "pk": 135, "fields": {"action_time": "2023-05-24T16:47:53.105Z", "user": 1, "content_type": 8, "object_id": "21", "object_repr": "Thirdrestaurant", "action_flag": 2, "change_message": "[{\"changed\": {\"fields\": [\"Is approved\"]}}]"}}, {"model": "admin.logentry", "pk": 136, "fields": {"action_time": "2023-05-24T16:47:55.668Z", "user": 1, "content_type": 8, "object_id": "20", "object_repr": "secondrestaurant", "action_flag": 2, "change_message": "[{\"changed\": {\"fields\": [\"Is approved\"]}}]"}}, {"model": "admin.logentry", "pk": 137, "fields": {"action_time": "2023-05-25T07:57:15.040Z", "user": 1, "content_type": 7, "object_id": "63", "object_repr": "fifthrestaurant@gmail.com", "action_flag": 2, "change_message": "[]"}}, {"model": "admin.logentry", "pk": 138, "fields": {"action_time": "2023-05-25T07:58:02.450Z", "user": 1, "content_type": 7, "object_id": "62", "object_repr": "fourthrestaurant@gmail.com", "action_flag": 2, "change_message": "[]"}}, {"model": "admin.logentry", "pk": 139, "fields": {"action_time": "2023-05-25T07:58:05.744Z", "user": 1, "content_type": 7, "object_id": "61", "object_repr": "thirdrestaurant@gmail.com", "action_flag": 2, "change_message": "[]"}}, {"model": "admin.logentry", "pk": 140, "fields": {"action_time": "2023-05-25T07:58:09.720Z", "user": 1, "content_type": 7, "object_id": "60", "object_repr": "secondrestaurant@gmail.com", "action_flag": 2, "change_message": "[]"}}, {"model": "admin.logentry", "pk": 141, "fields": {"action_time": "2023-05-25T07:58:17.274Z", "user": 1, "content_type": 7, "object_id": "58", "object_repr": "vendor2.foodonlinee@gmail.com", "action_flag": 2, "change_message": "[]"}}, {"model": "admin.logentry", "pk": 142, "fields": {"action_time": "2023-05-25T07:58:24.377Z", "user": 1, "content_type": 7, "object_id": "49", "object_repr": "vendor.foodonlinee@gmail.com", "action_flag": 2, "change_message": "[]"}}, {"model": "admin.logentry", "pk": 143, "fields": {"action_time": "2023-05-30T06:58:59.979Z", "user": 1, "content_type": 12, "object_id": "1", "object_repr": "OpeningHour object (1)", "action_flag": 1, "change_message": "[{\"added\": {}}]"}}, {"model": "admin.logentry", "pk": 144, "fields": {"action_time": "2023-05-30T08:09:18.200Z", "user": 1, "content_type": 12, "object_id": "2", "object_repr": "Monday", "action_flag": 1, "change_message": "[{\"added\": {}}]"}}, {"model": "admin.logentry", "pk": 145, "fields": {"action_time": "2023-06-01T08:56:48.757Z", "user": 1, "content_type": 13, "object_id": "1", "object_repr": "KDV", "action_flag": 1, "change_message": "[{\"added\": {}}]"}}, {"model": "admin.logentry", "pk": 146, "fields": {"action_time": "2023-06-01T08:56:58.934Z", "user": 1, "content_type": 13, "object_id": "2", "object_repr": "ÖTV", "action_flag": 1, "change_message": "[{\"added\": {}}]"}}, {"model": "admin.logentry", "pk": 147, "fields": {"action_time": "2023-06-02T12:43:37.811Z", "user": 1, "content_type": 7, "object_id": "46", "object_repr": "customer.foodonlinee@gmail.com", "action_flag": 2, "change_message": "[{\"changed\": {\"fields\": [\"Country\"]}}]"}}, {"model": "admin.logentry", "pk": 148, "fields": {"action_time": "2023-06-02T12:44:46.034Z", "user": 1, "content_type": 6, "object_id": "47", "object_repr": "customer.foodonlinee@gmail.com", "action_flag": 2, "change_message": "[{\"changed\": {\"fields\": [\"Phone number\"]}}]"}}, {"model": "admin.logentry", "pk": 149, "fields": {"action_time": "2023-06-09T08:26:45.104Z", "user": 1, "content_type": 14, "object_id": "33", "object_repr": "2023060907483833", "action_flag": 3, "change_message": ""}}, {"model": "admin.logentry", "pk": 150, "fields": {"action_time": "2023-06-09T08:26:45.112Z", "user": 1, "content_type": 14, "object_id": "32", "object_repr": "2023060814352832", "action_flag": 3, "change_message": ""}}, {"model": "admin.logentry", "pk": 151, "fields": {"action_time": "2023-06-09T08:26:45.114Z", "user": 1, "content_type": 14, "object_id": "31", "object_repr": "2023060811102731", "action_flag": 3, "change_message": ""}}, {"model": "admin.logentry", "pk": 152, "fields": {"action_time": "2023-06-09T08:26:45.115Z", "user": 1, "content_type": 14, "object_id": "30", "object_repr": "2023060811082230", "action_flag": 3, "change_message": ""}}, {"model": "admin.logentry", "pk": 153, "fields": {"action_time": "2023-06-09T08:26:45.116Z", "user": 1, "content_type": 14, "object_id": "29", "object_repr": "2023060809561929", "action_flag": 3, "change_message": ""}}, {"model": "admin.logentry", "pk": 154, "fields": {"action_time": "2023-06-09T08:26:45.118Z", "user": 1, "content_type": 14, "object_id": "28", "object_repr": "2023060809092428", "action_flag": 3, "change_message": ""}}, {"model": "admin.logentry", "pk": 155, "fields": {"action_time": "2023-06-09T08:26:45.119Z", "user": 1, "content_type": 14, "object_id": "27", "object_repr": "2023060809075827", "action_flag": 3, "change_message": ""}}, {"model": "admin.logentry", "pk": 156, "fields": {"action_time": "2023-06-09T08:26:45.120Z", "user": 1, "content_type": 14, "object_id": "26", "object_repr": "2023060809074826", "action_flag": 3, "change_message": ""}}, {"model": "admin.logentry", "pk": 157, "fields": {"action_time": "2023-06-09T08:26:45.121Z", "user": 1, "content_type": 14, "object_id": "25", "object_repr": "2023060808223225", "action_flag": 3, "change_message": ""}}, {"model": "admin.logentry", "pk": 158, "fields": {"action_time": "2023-06-09T08:26:45.122Z", "user": 1, "content_type": 14, "object_id": "24", "object_repr": "2023060808200624", "action_flag": 3, "change_message": ""}}, {"model": "admin.logentry", "pk": 159, "fields": {"action_time": "2023-06-09T08:26:45.123Z", "user": 1, "content_type": 14, "object_id": "23", "object_repr": "2023060808114923", "action_flag": 3, "change_message": ""}}, {"model": "admin.logentry", "pk": 160, "fields": {"action_time": "2023-06-09T08:26:45.124Z", "user": 1, "content_type": 14, "object_id": "22", "object_repr": "2023060808053022", "action_flag": 3, "change_message": ""}}, {"model": "admin.logentry", "pk": 161, "fields": {"action_time": "2023-06-09T08:26:45.126Z", "user": 1, "content_type": 14, "object_id": "21", "object_repr": "2023060808044921", "action_flag": 3, "change_message": ""}}, {"model": "admin.logentry", "pk": 162, "fields": {"action_time": "2023-06-09T08:26:45.128Z", "user": 1, "content_type": 14, "object_id": "20", "object_repr": "2023060807484920", "action_flag": 3, "change_message": ""}}, {"model": "admin.logentry", "pk": 163, "fields": {"action_time": "2023-06-09T08:26:45.129Z", "user": 1, "content_type": 14, "object_id": "19", "object_repr": "2023060714581619", "action_flag": 3, "change_message": ""}}, {"model": "admin.logentry", "pk": 164, "fields": {"action_time": "2023-06-09T08:26:45.130Z", "user": 1, "content_type": 14, "object_id": "18", "object_repr": "2023060714363718", "action_flag": 3, "change_message": ""}}, {"model": "admin.logentry", "pk": 165, "fields": {"action_time": "2023-06-09T08:26:45.131Z", "user": 1, "content_type": 14, "object_id": "17", "object_repr": "2023060608234217", "action_flag": 3, "change_message": ""}}, {"model": "admin.logentry", "pk": 166, "fields": {"action_time": "2023-06-09T08:26:45.132Z", "user": 1, "content_type": 14, "object_id": "16", "object_repr": "2023060608185116", "action_flag": 3, "change_message": ""}}, {"model": "admin.logentry", "pk": 167, "fields": {"action_time": "2023-06-09T08:26:45.133Z", "user": 1, "content_type": 14, "object_id": "15", "object_repr": "2023060607555515", "action_flag": 3, "change_message": ""}}, {"model": "admin.logentry", "pk": 168, "fields": {"action_time": "2023-06-09T08:26:45.134Z", "user": 1, "content_type": 14, "object_id": "14", "object_repr": "2023060607553014", "action_flag": 3, "change_message": ""}}, {"model": "admin.logentry", "pk": 169, "fields": {"action_time": "2023-06-09T08:26:45.136Z", "user": 1, "content_type": 14, "object_id": "13", "object_repr": "2023060607492613", "action_flag": 3, "change_message": ""}}, {"model": "admin.logentry", "pk": 170, "fields": {"action_time": "2023-06-09T08:26:45.136Z", "user": 1, "content_type": 14, "object_id": "12", "object_repr": "2023060607491812", "action_flag": 3, "change_message": ""}}, {"model": "admin.logentry", "pk": 171, "fields": {"action_time": "2023-06-09T08:26:45.137Z", "user": 1, "content_type": 14, "object_id": "11", "object_repr": "2023060607490011", "action_flag": 3, "change_message": ""}}, {"model": "admin.logentry", "pk": 172, "fields": {"action_time": "2023-06-09T08:26:45.138Z", "user": 1, "content_type": 14, "object_id": "10", "object_repr": "2023060607040310", "action_flag": 3, "change_message": ""}}, {"model": "admin.logentry", "pk": 173, "fields": {"action_time": "2023-06-09T08:26:45.139Z", "user": 1, "content_type": 14, "object_id": "9", "object_repr": "202306060642479", "action_flag": 3, "change_message": ""}}, {"model": "admin.logentry", "pk": 174, "fields": {"action_time": "2023-06-09T08:26:45.140Z", "user": 1, "content_type": 14, "object_id": "8", "object_repr": "202306060640188", "action_flag": 3, "change_message": ""}}, {"model": "admin.logentry", "pk": 175, "fields": {"action_time": "2023-06-09T08:26:45.141Z", "user": 1, "content_type": 14, "object_id": "7", "object_repr": "202306051606277", "action_flag": 3, "change_message": ""}}, {"model": "admin.logentry", "pk": 176, "fields": {"action_time": "2023-06-09T08:26:45.142Z", "user": 1, "content_type": 14, "object_id": "6", "object_repr": "202306051603026", "action_flag": 3, "change_message": ""}}, {"model": "admin.logentry", "pk": 177, "fields": {"action_time": "2023-06-09T08:26:45.144Z", "user": 1, "content_type": 14, "object_id": "5", "object_repr": "202306051602305", "action_flag": 3, "change_message": ""}}, {"model": "admin.logentry", "pk": 178, "fields": {"action_time": "2023-06-09T08:26:45.144Z", "user": 1, "content_type": 14, "object_id": "4", "object_repr": "202306050805294", "action_flag": 3, "change_message": ""}}, {"model": "admin.logentry", "pk": 179, "fields": {"action_time": "2023-06-09T08:26:45.145Z", "user": 1, "content_type": 14, "object_id": "3", "object_repr": "202306050557093", "action_flag": 3, "change_message": ""}}, {"model": "admin.logentry", "pk": 180, "fields": {"action_time": "2023-06-09T08:26:45.146Z", "user": 1, "content_type": 14, "object_id": "2", "object_repr": "202306050553282", "action_flag": 3, "change_message": ""}}, {"model": "admin.logentry", "pk": 181, "fields": {"action_time": "2023-06-09T08:26:45.147Z", "user": 1, "content_type": 14, "object_id": "1", "object_repr": "123", "action_flag": 3, "change_message": ""}}, {"model": "admin.logentry", "pk": 182, "fields": {"action_time": "2023-06-09T08:39:03.309Z", "user": 1, "content_type": 14, "object_id": "34", "object_repr": "12312312", "action_flag": 1, "change_message": "[{\"added\": {}}]"}}, {"model": "admin.logentry", "pk": 183, "fields": {"action_time": "2023-06-09T08:39:47.881Z", "user": 1, "content_type": 14, "object_id": "35", "object_repr": "123123", "action_flag": 1, "change_message": "[{\"added\": {}}]"}}, {"model": "admin.logentry", "pk": 184, "fields": {"action_time": "2023-06-09T08:40:26.562Z", "user": 1, "content_type": 14, "object_id": "36", "object_repr": "123123", "action_flag": 1, "change_message": "[{\"added\": {}}]"}}, {"model": "auth.permission", "pk": 1, "fields": {"name": "Can add log entry", "content_type": 1, "codename": "add_logentry"}}, {"model": "auth.permission", "pk": 2, "fields": {"name": "Can change log entry", "content_type": 1, "codename": "change_logentry"}}, {"model": "auth.permission", "pk": 3, "fields": {"name": "Can delete log entry", "content_type": 1, "codename": "delete_logentry"}}, {"model": "auth.permission", "pk": 4, "fields": {"name": "Can view log entry", "content_type": 1, "codename": "view_logentry"}}, {"model": "auth.permission", "pk": 5, "fields": {"name": "Can add permission", "content_type": 2, "codename": "add_permission"}}, {"model": "auth.permission", "pk": 6, "fields": {"name": "Can change permission", "content_type": 2, "codename": "change_permission"}}, {"model": "auth.permission", "pk": 7, "fields": {"name": "Can delete permission", "content_type": 2, "codename": "delete_permission"}}, {"model": "auth.permission", "pk": 8, "fields": {"name": "Can view permission", "content_type": 2, "codename": "view_permission"}}, {"model": "auth.permission", "pk": 9, "fields": {"name": "Can add group", "content_type": 3, "codename": "add_group"}}, {"model": "auth.permission", "pk": 10, "fields": {"name": "Can change group", "content_type": 3, "codename": "change_group"}}, {"model": "auth.permission", "pk": 11, "fields": {"name": "Can delete group", "content_type": 3, "codename": "delete_group"}}, {"model": "auth.permission", "pk": 12, "fields": {"name": "Can view group", "content_type": 3, "codename": "view_group"}}, {"model": "auth.permission", "pk": 13, "fields": {"name": "Can add content type", "content_type": 4, "codename": "add_contenttype"}}, {"model": "auth.permission", "pk": 14, "fields": {"name": "Can change content type", "content_type": 4, "codename": "change_contenttype"}}, {"model": "auth.permission", "pk": 15, "fields": {"name": "Can delete content type", "content_type": 4, "codename": "delete_contenttype"}}, {"model": "auth.permission", "pk": 16, "fields": {"name": "Can view content type", "content_type": 4, "codename": "view_contenttype"}}, {"model": "auth.permission", "pk": 17, "fields": {"name": "Can add session", "content_type": 5, "codename": "add_session"}}, {"model": "auth.permission", "pk": 18, "fields": {"name": "Can change session", "content_type": 5, "codename": "change_session"}}, {"model": "auth.permission", "pk": 19, "fields": {"name": "Can delete session", "content_type": 5, "codename": "delete_session"}}, {"model": "auth.permission", "pk": 20, "fields": {"name": "Can view session", "content_type": 5, "codename": "view_session"}}, {"model": "auth.permission", "pk": 21, "fields": {"name": "Can add user", "content_type": 6, "codename": "add_user"}}, {"model": "auth.permission", "pk": 22, "fields": {"name": "Can change user", "content_type": 6, "codename": "change_user"}}, {"model": "auth.permission", "pk": 23, "fields": {"name": "Can delete user", "content_type": 6, "codename": "delete_user"}}, {"model": "auth.permission", "pk": 24, "fields": {"name": "Can view user", "content_type": 6, "codename": "view_user"}}, {"model": "auth.permission", "pk": 25, "fields": {"name": "Can add user profile", "content_type": 7, "codename": "add_userprofile"}}, {"model": "auth.permission", "pk": 26, "fields": {"name": "Can change user profile", "content_type": 7, "codename": "change_userprofile"}}, {"model": "auth.permission", "pk": 27, "fields": {"name": "Can delete user profile", "content_type": 7, "codename": "delete_userprofile"}}, {"model": "auth.permission", "pk": 28, "fields": {"name": "Can view user profile", "content_type": 7, "codename": "view_userprofile"}}, {"model": "auth.permission", "pk": 29, "fields": {"name": "Can add vendor", "content_type": 8, "codename": "add_vendor"}}, {"model": "auth.permission", "pk": 30, "fields": {"name": "Can change vendor", "content_type": 8, "codename": "change_vendor"}}, {"model": "auth.permission", "pk": 31, "fields": {"name": "Can delete vendor", "content_type": 8, "codename": "delete_vendor"}}, {"model": "auth.permission", "pk": 32, "fields": {"name": "Can view vendor", "content_type": 8, "codename": "view_vendor"}}, {"model": "auth.permission", "pk": 33, "fields": {"name": "Can add category", "content_type": 9, "codename": "add_category"}}, {"model": "auth.permission", "pk": 34, "fields": {"name": "Can change category", "content_type": 9, "codename": "change_category"}}, {"model": "auth.permission", "pk": 35, "fields": {"name": "Can delete category", "content_type": 9, "codename": "delete_category"}}, {"model": "auth.permission", "pk": 36, "fields": {"name": "Can view category", "content_type": 9, "codename": "view_category"}}, {"model": "auth.permission", "pk": 37, "fields": {"name": "Can add food item", "content_type": 10, "codename": "add_fooditem"}}, {"model": "auth.permission", "pk": 38, "fields": {"name": "Can change food item", "content_type": 10, "codename": "change_fooditem"}}, {"model": "auth.permission", "pk": 39, "fields": {"name": "Can delete food item", "content_type": 10, "codename": "delete_fooditem"}}, {"model": "auth.permission", "pk": 40, "fields": {"name": "Can view food item", "content_type": 10, "codename": "view_fooditem"}}, {"model": "auth.permission", "pk": 41, "fields": {"name": "Can add cart", "content_type": 11, "codename": "add_cart"}}, {"model": "auth.permission", "pk": 42, "fields": {"name": "Can change cart", "content_type": 11, "codename": "change_cart"}}, {"model": "auth.permission", "pk": 43, "fields": {"name": "Can delete cart", "content_type": 11, "codename": "delete_cart"}}, {"model": "auth.permission", "pk": 44, "fields": {"name": "Can view cart", "content_type": 11, "codename": "view_cart"}}, {"model": "auth.permission", "pk": 45, "fields": {"name": "Can add opening hour", "content_type": 12, "codename": "add_openinghour"}}, {"model": "auth.permission", "pk": 46, "fields": {"name": "Can change opening hour", "content_type": 12, "codename": "change_openinghour"}}, {"model": "auth.permission", "pk": 47, "fields": {"name": "Can delete opening hour", "content_type": 12, "codename": "delete_openinghour"}}, {"model": "auth.permission", "pk": 48, "fields": {"name": "Can view opening hour", "content_type": 12, "codename": "view_openinghour"}}, {"model": "auth.permission", "pk": 49, "fields": {"name": "Can add tax", "content_type": 13, "codename": "add_tax"}}, {"model": "auth.permission", "pk": 50, "fields": {"name": "Can change tax", "content_type": 13, "codename": "change_tax"}}, {"model": "auth.permission", "pk": 51, "fields": {"name": "Can delete tax", "content_type": 13, "codename": "delete_tax"}}, {"model": "auth.permission", "pk": 52, "fields": {"name": "Can view tax", "content_type": 13, "codename": "view_tax"}}, {"model": "auth.permission", "pk": 53, "fields": {"name": "Can add order", "content_type": 14, "codename": "add_order"}}, {"model": "auth.permission", "pk": 54, "fields": {"name": "Can change order", "content_type": 14, "codename": "change_order"}}, {"model": "auth.permission", "pk": 55, "fields": {"name": "Can delete order", "content_type": 14, "codename": "delete_order"}}, {"model": "auth.permission", "pk": 56, "fields": {"name": "Can view order", "content_type": 14, "codename": "view_order"}}, {"model": "auth.permission", "pk": 57, "fields": {"name": "Can add payment", "content_type": 15, "codename": "add_payment"}}, {"model": "auth.permission", "pk": 58, "fields": {"name": "Can change payment", "content_type": 15, "codename": "change_payment"}}, {"model": "auth.permission", "pk": 59, "fields": {"name": "Can delete payment", "content_type": 15, "codename": "delete_payment"}}, {"model": "auth.permission", "pk": 60, "fields": {"name": "Can view payment", "content_type": 15, "codename": "view_payment"}}, {"model": "auth.permission", "pk": 61, "fields": {"name": "Can add ordered food", "content_type": 16, "codename": "add_orderedfood"}}, {"model": "auth.permission", "pk": 62, "fields": {"name": "Can change ordered food", "content_type": 16, "codename": "change_orderedfood"}}, {"model": "auth.permission", "pk": 63, "fields": {"name": "Can delete ordered food", "content_type": 16, "codename": "delete_orderedfood"}}, {"model": "auth.permission", "pk": 64, "fields": {"name": "Can view ordered food", "content_type": 16, "codename": "view_orderedfood"}}, {"model": "contenttypes.contenttype", "pk": 1, "fields": {"app_label": "admin", "model": "logentry"}}, {"model": "contenttypes.contenttype", "pk": 2, "fields": {"app_label": "auth", "model": "permission"}}, {"model": "contenttypes.contenttype", "pk": 3, "fields": {"app_label": "auth", "model": "group"}}, {"model": "contenttypes.contenttype", "pk": 4, "fields": {"app_label": "contenttypes", "model": "contenttype"}}, {"model": "contenttypes.contenttype", "pk": 5, "fields": {"app_label": "sessions", "model": "session"}}, {"model": "contenttypes.contenttype", "pk": 6, "fields": {"app_label": "accounts", "model": "user"}}, {"model": "contenttypes.contenttype", "pk": 7, "fields": {"app_label": "accounts", "model": "userprofile"}}, {"model": "contenttypes.contenttype", "pk": 8, "fields": {"app_label": "vendor", "model": "vendor"}}, {"model": "contenttypes.contenttype", "pk": 9, "fields": {"app_label": "menu", "model": "category"}}, {"model": "contenttypes.contenttype", "pk": 10, "fields": {"app_label": "menu", "model": "fooditem"}}, {"model": "contenttypes.contenttype", "pk": 11, "fields": {"app_label": "marketplace", "model": "cart"}}, {"model": "contenttypes.contenttype", "pk": 12, "fields": {"app_label": "vendor", "model": "openinghour"}}, {"model": "contenttypes.contenttype", "pk": 13, "fields": {"app_label": "marketplace", "model": "tax"}}, {"model": "contenttypes.contenttype", "pk": 14, "fields": {"app_label": "orders", "model": "order"}}, {"model": "contenttypes.contenttype", "pk": 15, "fields": {"app_label": "orders", "model": "payment"}}, {"model": "contenttypes.contenttype", "pk": 16, "fields": {"app_label": "orders", "model": "orderedfood"}}, {"model": "sessions.session", "pk": "1m261nxl5cz98xr8jxcyld1xklfjajol", "fields": {"session_data": ".eJxVjDsOwjAQBe_iGlmOP4uXkj5nsNa7NgmgRIqTCnF3iJQC2jcz76USbeuQtlaWNIq6qGDU6XfMxI8y7UTuNN1mzfO0LmPWu6IP2nQ_S3leD_fvYKA2fOsOuTMiHKqN3vmIgGyJMGfrETxkZypEJ12sOUhxEAQZyITIZwaD6v0B-283ug:1q3ub8:LSr5iUgwQRW0c53zJGY3QUN5yeGyZKeTCwZ9ZSl0seg", "expire_date": "2023-06-13T08:20:54.081Z"}}, {"model": "sessions.session", "pk": "3mi6012mjipqgft3xuydsmo6zh80btj6", "fields": {"session_data": ".eJxVjDsOwjAQBe_iGlmOP4uXkj5nsNa7NgmgRIqTCnF3iJQC2jcz76USbeuQtlaWNIq6qGDU6XfMxI8y7UTuNN1mzfO0LmPWu6IP2nQ_S3leD_fvYKA2fOsOuTMiHKqN3vmIgGyJMGfrETxkZypEJ12sOUhxEAQZyITIZwaD6v0B-283ug:1psIk1:osb58-Ryy_gM_Io1IqJQnPaPgMsRQ2b-2ZgRtlmbGJc", "expire_date": "2023-05-12T07:42:05.848Z"}}, {"model": "sessions.session", "pk": "5tuqhc9zemlhj5w8uiadoupvdp4pmlpo", "fields": {"session_data": ".eJxVjEEOgjAQRe_StWmcFtqpS_ecgcwMU4saSCisjHdXEha6_e-9_zI9bWvpt6pLPw7mYsCcfjcmeei0g-FO0222Mk_rMrLdFXvQart50Of1cP8OCtXyrbVNCND4s4fshCBSboiBkBw3EVtGIk_IyuqjhIDIkji7CDFokGTeH-K-ODE:1q62oR:oE8GHqfwImJQO-BOgAuMdbKmnBcvRiPUlrQ4uO0GtCU", "expire_date": "2023-06-19T05:31:27.393Z"}}, {"model": "sessions.session", "pk": "5wvaubsturatwr07wfdqnh1hyb1ijait", "fields": {"session_data": ".eJxVjEEOgjAQRe_StWmcFtqpS_ecgcwMU4saSCisjHdXEha6_e-9_zI9bWvpt6pLPw7mYsCcfjcmeei0g-FO0222Mk_rMrLdFXvQart50Of1cP8OCtXyrbVNCND4s4fshCBSboiBkBw3EVtGIk_IyuqjhIDIkji7CDFokGTeH-K-ODE:1pkoEw:iMBjqDtGaMUZtwtZKlQx0EsSMK_GUbD8l5qF_ubNXPQ", "expire_date": "2023-04-21T15:43:02.019Z"}}, {"model": "sessions.session", "pk": "687wr21wq41vq89krr0wwmasx0z8a45d", "fields": {"session_data": ".eJxVjDsOwjAQBe_iGlmOP4uXkj5nsNa7NgmgRIqTCnF3iJQC2jcz76USbeuQtlaWNIq6qGDU6XfMxI8y7UTuNN1mzfO0LmPWu6IP2nQ_S3leD_fvYKA2fOsOuTMiHKqN3vmIgGyJMGfrETxkZypEJ12sOUhxEAQZyITIZwaD6v0B-283ug:1puUer:Ixx1hmZirB2A6ZazqgKdk-tVyxN9-kk5wfFQPDubdkM", "expire_date": "2023-05-18T08:49:49.689Z"}}, {"model": "sessions.session", "pk": "6da30thvns0pnsnuh4ta6rml9w19qej8", "fields": {"session_data": ".eJxVjMsOwiAQRf-FtSGFwgx16d5vIDM8pGogKe3K-O_apAvd3nPOfQlP21r81tPi5yjOwqA4_Y5M4ZHqTuKd6q3J0Oq6zCx3RR60y2uL6Xk53L-DQr18awhO6ThyCsZmmNDRCMrmwbAZ0EAiAqswg8ZJIYZAjE5HaxhGjMAo3h_5HjeN:1q50Oe:yee6iN19RidlFNU4ZbuQI3Q0VXQxPOqX8qd9snf9ZhI", "expire_date": "2023-06-16T08:44:32.521Z"}}, {"model": "sessions.session", "pk": "7wkw4ys51niarxq7zy712k79mv0m39b8", "fields": {"session_data": ".eJxVjDsOwjAQBe_iGlmOP4uXkj5nsNa7NgmgRIqTCnF3iJQC2jcz76USbeuQtlaWNIq6qGDU6XfMxI8y7UTuNN1mzfO0LmPWu6IP2nQ_S3leD_fvYKA2fOsOuTMiHKqN3vmIgGyJMGfrETxkZypEJ12sOUhxEAQZyITIZwaD6v0B-283ug:1pwgkH:4u6Pyy_6HDpciP6dIwQ17OHfPC8WdW7BYFn6ranCkHM", "expire_date": "2023-05-24T10:08:29.141Z"}}, {"model": "sessions.session", "pk": "ejqxc0eide44p0tfhfej0xof8cx23v8j", "fields": {"session_data": ".eJxtjMsOgjAQRf9l1qahMJ0pLt37DWSmD4saSICujP-uJGxM3N5zzn1BHSOcARlOMEjdylDXtAx_R5XwSNNO4l2m22zCPG3LqGZXzEFXc51jel4O9-egyFq-NQVv29hpCugy9eylI-tyg4oNIyURcpYztdxb5hBE2bfRoVLHkZTh_QHNyzoo:1pnbWA:vN3FQE-3-2f3JPPGMgfLEo5EY5zzVRhTCWzgLxyYVGo", "expire_date": "2023-04-29T08:44:22.247Z"}}, {"model": "sessions.session", "pk": "eujcfyyv7musmktkrwk06sbzhlmnz647", "fields": {"session_data": "eyJsYXQiOiI0MC4wNDg4NDY5IiwibG5nIjoiMzIuODkxODI0NyJ9:1q7u1R:PNXNWYBmajEy8cEeKsf6a0NNyu16yZmp6YsUlaDTw3I", "expire_date": "2023-06-24T08:32:33.335Z"}}, {"model": "sessions.session", "pk": "ewg7olg60rzthob9ymn0f6rcoslusf4m", "fields": {"session_data": ".eJxVjDsOwjAQBe_iGlmOP4uXkj5nsNa7NgmgRIqTCnF3iJQC2jcz76USbeuQtlaWNIq6qGDU6XfMxI8y7UTuNN1mzfO0LmPWu6IP2nQ_S3leD_fvYKA2fOsOuTMiHKqN3vmIgGyJMGfrETxkZypEJ12sOUhxEAQZyITIZwaD6v0B-283ug:1ptUG3:eN72t-P7Kd6PyhVGXFqZddw5sZGlJb-zQr6_0iMRrQk", "expire_date": "2023-05-15T14:12:03.951Z"}}, {"model": "sessions.session", "pk": "ey59vb0ubi0x1q4vx7g0wg4xd559ocub", "fields": {"session_data": ".eJxVjDsOwjAQBe_iGlmOP4uXkj5nsNa7NgmgRIqTCnF3iJQC2jcz76USbeuQtlaWNIq6qGDU6XfMxI8y7UTuNN1mzfO0LmPWu6IP2nQ_S3leD_fvYKA2fOsOuTMiHKqN3vmIgGyJMGfrETxkZypEJ12sOUhxEAQZyITIZwaD6v0B-283ug:1psJlc:27QBzbbHudR3KFzFpvsM33J9C5WcFSbYZDluPdy1S1Y", "expire_date": "2023-05-12T08:47:48.392Z"}}, {"model": "sessions.session", "pk": "f6h3xka3bayvzpj4ixjbiejegrcb7007", "fields": {"session_data": ".eJxVjMsOwiAQRf-FtSGFwgx16d5vIDM8pGogKe3K-O_apAvd3nPOfQlP21r81tPi5yjOwqA4_Y5M4ZHqTuKd6q3J0Oq6zCx3RR60y2uL6Xk53L-DQr18awhO6ThyCsZmmNDRCMrmwbAZ0EAiAqswg8ZJIYZAjE5HaxhGjMAo3h_5HjeN:1pzKQd:eNHw76x3LVMBrFv-8HmwtFRyiQOoBZqUDkwAJ9a7jRg", "expire_date": "2023-05-31T16:55:07.091Z"}}, {"model": "sessions.session", "pk": "hemifi4cjrnfe9p90n6nb5f2zzwc5mmk", "fields": {"session_data": ".eJxVjDsOwjAQBe_iGlmOP4uXkj5nsNa7NgmgRIqTCnF3iJQC2jcz76USbeuQtlaWNIq6qGDU6XfMxI8y7UTuNN1mzfO0LmPWu6IP2nQ_S3leD_fvYKA2fOsOuTMiHKqN3vmIgGyJMGfrETxkZypEJ12sOUhxEAQZyITIZwaD6v0B-283ug:1psIWB:hK6MD-VfupxYD2mvHqatoEmisvWQ0wpb90mesUUaq9c", "expire_date": "2023-05-12T07:27:47.706Z"}}, {"model": "sessions.session", "pk": "iqdkczw0faf6zcxmesjl4k8bqazjmnic", "fields": {"session_data": ".eJxVjEEOgjAQRe_StWmcFtqpS_ecgcwMU4saSCisjHdXEha6_e-9_zI9bWvpt6pLPw7mYsCcfjcmeei0g-FO0222Mk_rMrLdFXvQart50Of1cP8OCtXyrbVNCND4s4fshCBSboiBkBw3EVtGIk_IyuqjhIDIkji7CDFokGTeH-K-ODE:1phY1a:f2VV8cPSrzhA4MqDsqRbpR7UVnJkmJm3YoKq_HAFAXc", "expire_date": "2023-04-12T15:47:46.172Z"}}, {"model": "sessions.session", "pk": "ldumi5i6gc9vzgxry9addpgjxl9dqb5j", "fields": {"session_data": ".eJxVjDsOwjAQBe_iGlmOP4uXkj5nsNa7NgmgRIqTCnF3iJQC2jcz76USbeuQtlaWNIq6qGDU6XfMxI8y7UTuNN1mzfO0LmPWu6IP2nQ_S3leD_fvYKA2fOsOuTMiHKqN3vmIgGyJMGfrETxkZypEJ12sOUhxEAQZyITIZwaD6v0B-283ug:1pwMIM:wlA4V2MlHi3RcA45K0FsvflW_pNr3DjYPAoIFKvwOK0", "expire_date": "2023-05-23T12:18:18.935Z"}}, {"model": "sessions.session", "pk": "pqzy3n5peu6vhvv4xltzlz98jwt0pyv0", "fields": {"session_data": "e30:1pmWTs:mIFrAC1W5EopVZLpY5bBfVsrkWqbFev-PyBdKJWYsWg", "expire_date": "2023-04-26T09:09:32.272Z"}}, {"model": "sessions.session", "pk": "qf5rjbqmecctxhwzqq17eog6bb8mww4k", "fields": {"session_data": ".eJxVjDsOwjAQBe_iGlmOP4uXkj5nsNa7NgmgRIqTCnF3iJQC2jcz76USbeuQtlaWNIq6qGDU6XfMxI8y7UTuNN1mzfO0LmPWu6IP2nQ_S3leD_fvYKA2fOsOuTMiHKqN3vmIgGyJMGfrETxkZypEJ12sOUhxEAQZyITIZwaD6v0B-283ug:1ps14V:ZVtePTiLbeyjOi3flOtfIRIp9_trWQoJacauhvILNZA", "expire_date": "2023-05-11T12:50:03.420Z"}}, {"model": "sessions.session", "pk": "reag1keq1k2qj0dl9mfmf7acte9a4x8q", "fields": {"session_data": ".eJxVjDsOwjAQBe_iGlmOP4uXkj5nsNa7NgmgRIqTCnF3iJQC2jcz76USbeuQtlaWNIq6qGDU6XfMxI8y7UTuNN1mzfO0LmPWu6IP2nQ_S3leD_fvYKA2fOsOuTMiHKqN3vmIgGyJMGfrETxkZypEJ12sOUhxEAQZyITIZwaD6v0B-283ug:1q4LD6:5UU3gJ_llmGCKLp1QuVlC9RMHkb0Ap4-T0nIVb_eaG4", "expire_date": "2023-06-14T12:45:52.154Z"}}, {"model": "sessions.session", "pk": "tary7ou432utx9yg9z1avymoxgwtzfl0", "fields": {"session_data": ".eJxVjDsOwjAQBe_iGlmOP4uXkj5nsNa7NgmgRIqTCnF3iJQC2jcz76USbeuQtlaWNIq6qGDU6XfMxI8y7UTuNN1mzfO0LmPWu6IP2nQ_S3leD_fvYKA2fOsOuTMiHKqN3vmIgGyJMGfrETxkZypEJ12sOUhxEAQZyITIZwaD6v0B-283ug:1q8Fkw:rcprKQZYKmr9Ody1riyJQYhpoeMMecUY6LejyZ1imm0", "expire_date": "2023-06-25T07:44:58.668Z"}}, {"model": "sessions.session", "pk": "zi475hzvguszti3hqfbezvc7kkrl2hu9", "fields": {"session_data": ".eJxVjMsOwiAQRf-FtSGFwgx16d5vIDM8pGogKe3K-O_apAvd3nPOfQlP21r81tPi5yjOwqA4_Y5M4ZHqTuKd6q3J0Oq6zCx3RR60y2uL6Xk53L-DQr18awhO6ThyCsZmmNDRCMrmwbAZ0EAiAqswg8ZJIYZAjE5HaxhGjMAo3h_5HjeN:1q6Cer:ddjuZb0l_leL9cquFuDv-H9kxH5hey9FzWh_9S87nFc", "expire_date": "2023-06-19T16:02:13.590Z"}}, {"model": "accounts.user", "pk": 1, "fields": {"password": "pbkdf2_sha256$390000$XJd1D8r6B4635pwK7540cC$teij72Bqdc+3d36b3c5U92Yn86eGlKMDCRBikyuhZKo=", "first_name": "Sadullah", "last_name": "Demir", "username": "djangoadmin", "email": "ahmetdemirr0@gmail.com", "phone_number": "", "role": null, "date_joined": "2023-03-29T15:46:44.470Z", "last_login": "2023-06-05T05:31:27.364Z", "created_date": "2023-03-29T15:46:44.471Z", "modified_date": "2023-03-29T15:46:44.471Z", "is_admin": true, "is_staff": true, "is_active": true, "is_superadmin": true}}, {"model": "accounts.user", "pk": 47, "fields": {"password": "pbkdf2_sha256$390000$VEueH14GRsiHLER9PgjG0Z$seWWrXCL9VJnC0P7vS9PAr1RSbydRQw7TIXZRFlDl3U=", "first_name": "Customer", "last_name": "foodOnline", "username": "customerFoodOnline", "email": "customer.foodonlinee@gmail.com", "phone_number": "5442791659", "role": 2, "date_joined": "2023-04-14T20:15:18.003Z", "last_login": "2023-06-10T07:58:32.507Z", "created_date": "2023-04-14T20:15:18.003Z", "modified_date": "2023-04-14T20:15:18.003Z", "is_admin": false, "is_staff": false, "is_active": true, "is_superadmin": false}}, {"model": "accounts.user", "pk": 50, "fields": {"password": "pbkdf2_sha256$390000$iZE68vNf6OJaGlSi4OI26D$rGN/+BYomqFZ0w6cHwNUBQe3SVKGF+S+a8R6mTJ/bqc=", "first_name": "vendor", "last_name": "foodOnline", "username": "vendorFoodOnline", "email": "vendor.foodonlinee@gmail.com", "phone_number": "", "role": 1, "date_joined": "2023-04-15T07:28:23.807Z", "last_login": "2023-06-11T07:44:58.642Z", "created_date": "2023-04-15T07:28:23.807Z", "modified_date": "2023-04-15T07:28:23.807Z", "is_admin": false, "is_staff": false, "is_active": true, "is_superadmin": false}}, {"model": "accounts.user", "pk": 59, "fields": {"password": "pbkdf2_sha256$390000$iTGi7BKL38IagvW3tlCsvJ$1jLAK0AYinIpzHCfZTgXEiLCfogmgyqiO/trCAYLdFw=", "first_name": "Vendor2", "last_name": "Restaurant", "username": "vendor2restaurant", "email": "vendor2.foodonlinee@gmail.com", "phone_number": "", "role": 1, "date_joined": "2023-05-11T12:43:01.039Z", "last_login": "2023-06-09T17:45:31.756Z", "created_date": "2023-05-11T12:43:01.039Z", "modified_date": "2023-05-11T12:43:01.039Z", "is_admin": false, "is_staff": false, "is_active": true, "is_superadmin": false}}, {"model": "accounts.user", "pk": 61, "fields": {"password": "pbkdf2_sha256$390000$GYpJvBEWdvBd5j5SEw8pZa$APOib138LnZO3MY4t1bvGF/MwILEUFiSLpC3L2rMzXQ=", "first_name": "Second", "last_name": "Restaurant", "username": "secondrestaurant", "email": "secondrestaurant@gmail.com", "phone_number": "", "role": 1, "date_joined": "2023-05-24T16:44:02.636Z", "last_login": "2023-05-24T17:31:03.000Z", "created_date": "2023-05-24T16:44:02.636Z", "modified_date": "2023-05-24T16:44:02.636Z", "is_admin": false, "is_staff": false, "is_active": true, "is_superadmin": false}}, {"model": "accounts.user", "pk": 62, "fields": {"password": "pbkdf2_sha256$390000$oia8R2J9MxznUoZPp04XHK$6BfRzb7Ijjd3WdxLLACKA6EpZEUdIGYc/aH5vdxnpHQ=", "first_name": "Third", "last_name": "Restaurant", "username": "thirdrestaurant", "email": "thirdrestaurant@gmail.com", "phone_number": "", "role": 1, "date_joined": "2023-05-24T16:44:58.084Z", "last_login": "2023-05-24T17:06:01.797Z", "created_date": "2023-05-24T16:44:58.084Z", "modified_date": "2023-05-24T16:44:58.084Z", "is_admin": false, "is_staff": false, "is_active": true, "is_superadmin": false}}, {"model": "accounts.user", "pk": 63, "fields": {"password": "pbkdf2_sha256$390000$OzPYCwOGrqcW85owx9lzbO$28M9JRFK4tm36Q9s0LeHamudOWyc6VIiCl8opwuzhB8=", "first_name": "Fourth", "last_name": "Restaurant", "username": "fourthrestaurant", "email": "fourthrestaurant@gmail.com", "phone_number": "", "role": 1, "date_joined": "2023-05-24T16:46:09.978Z", "last_login": "2023-05-24T17:26:45.628Z", "created_date": "2023-05-24T16:46:09.978Z", "modified_date": "2023-05-24T16:46:09.978Z", "is_admin": false, "is_staff": false, "is_active": true, "is_superadmin": false}}, {"model": "accounts.user", "pk": 64, "fields": {"password": "pbkdf2_sha256$390000$t6sVllAFekO79QLfMXkQ3D$ey7DOZoqyNemuWmioqfmKXXhjg2shBDZRGUJn6hlO0M=", "first_name": "Fifth", "last_name": "Restaurant", "username": "fifthrestaurant", "email": "fifthrestaurant@gmail.com", "phone_number": "", "role": 1, "date_joined": "2023-05-24T16:46:58.847Z", "last_login": "2023-05-24T17:29:31.681Z", "created_date": "2023-05-24T16:46:58.847Z", "modified_date": "2023-05-24T16:46:58.847Z", "is_admin": false, "is_staff": false, "is_active": true, "is_superadmin": false}}, {"model": "accounts.user", "pk": 65, "fields": {"password": "pbkdf2_sha256$390000$xMOyukOtlc77ZioOOjxwmT$0hZ0/TH+VCXm8MVHG13l1fLBwgpHrgIWDDP6cfgWbZ4=", "first_name": "Sadullah", "last_name": "Demir", "username": "sadullahdemir", "email": "s.ahmetdemirr@gmail.com", "phone_number": "", "role": 2, "date_joined": "2023-06-09T15:59:55.490Z", "last_login": "2023-06-09T15:59:55.490Z", "created_date": "2023-06-09T15:59:55.490Z", "modified_date": "2023-06-09T15:59:55.490Z", "is_admin": false, "is_staff": false, "is_active": true, "is_superadmin": false}}, {"model": "accounts.userprofile", "pk": 1, "fields": {"user": 1, "profile_picture": "users/profile_pictures/funny-animal-selfies-68-587e26ed2ad50__605.jpg", "cover_photo": "users/cover_photos/funny-animal-selfies-587ded51931e9__605.jpg", "address": null, "country": null, "state": null, "city": null, "pin_code": null, "latitude": null, "longitude": null, "location": null, "creat_at": "2023-03-30T12:33:08.453Z", "modified_at": "2023-06-05T05:31:27.391Z"}}, {"model": "accounts.userprofile", "pk": 46, "fields": {"user": 47, "profile_picture": "users/profile_pictures/desktop-wallpaper-compromised-character-gaming-profile-dark-cute-_1nkv0vB.jpg", "cover_photo": "users/cover_photos/inception.png", "address": "Mimar Sinan, Ankara Pursaklar Devlet Hastanesi, Çağatay Cad, Pursaklar/Ankara, Türkiye", "country": "Türkiye", "state": "Ankara", "city": "Ankara", "pin_code": "06145", "latitude": "40.0489322", "longitude": "32.8944985", "location": "SRID=4326;POINT (32.8944985 40.0489322)", "creat_at": "2023-04-14T20:15:18.005Z", "modified_at": "2023-06-10T07:58:32.532Z"}}, {"model": "accounts.userprofile", "pk": 49, "fields": {"user": 50, "profile_picture": "users/profile_pictures/profile-picture-1_CXnxoym.PNG", "cover_photo": "users/cover_photos/cover-photo-2.PNG", "address": "Pursaklar, Ankara, Türkiye", "country": "Türkiye", "state": "Ankara", "city": "Pursaklar", "pin_code": null, "latitude": "40.038463", "longitude": "32.903356", "location": "SRID=4326;POINT (32.903356 40.038463)", "creat_at": "2023-04-15T07:28:23.810Z", "modified_at": "2023-06-11T07:44:58.665Z"}}, {"model": "accounts.userprofile", "pk": 58, "fields": {"user": 59, "profile_picture": "users/profile_pictures/profile-picture-5.PNG", "cover_photo": "users/cover_photos/cover-photo-5_F3UHjrW.PNG", "address": "Süleymaniye, Süleymaniye Camii, Profesör Sıddık Sami Onar Caddesi, Fatih/İstanbul, Türkiye", "country": "Türkiye", "state": "İstanbul", "city": null, "pin_code": "34116", "latitude": "41.016047", "longitude": "28.9639711", "location": "SRID=4326;POINT (28.9639711 41.016047)", "creat_at": "2023-05-11T12:43:01.043Z", "modified_at": "2023-06-09T17:45:31.781Z"}}, {"model": "accounts.userprofile", "pk": 60, "fields": {"user": 61, "profile_picture": "users/profile_pictures/listing-logo18.png", "cover_photo": "users/cover_photos/cover-photo-5_Qmgh5FM.PNG", "address": "Ayvalı, Uylaş Sokak, Keçiören/Ankara, Türkiye", "country": "Türkiye", "state": "Ankara", "city": null, "pin_code": "06010", "latitude": "39.9748835", "longitude": "32.819087", "location": "SRID=4326;POINT (32.819087 39.9748835)", "creat_at": "2023-05-24T16:44:02.641Z", "modified_at": "2023-05-25T07:58:09.718Z"}}, {"model": "accounts.userprofile", "pk": 61, "fields": {"user": 62, "profile_picture": "users/profile_pictures/profile-picture-4_d2Jt96x.PNG", "cover_photo": "users/cover_photos/cover-photo-1.PNG", "address": "Ayvalı, Divrikli Sokak, Keçiören/Ankara, Türkiye", "country": "Türkiye", "state": "Ankara", "city": null, "pin_code": "06010", "latitude": "39.9756418", "longitude": "32.819376", "location": "SRID=4326;POINT (32.819376 39.9756418)", "creat_at": "2023-05-24T16:44:58.086Z", "modified_at": "2023-05-25T07:58:05.741Z"}}, {"model": "accounts.userprofile", "pk": 62, "fields": {"user": 63, "profile_picture": "users/profile_pictures/profile-picture-2_dXkGzyb.PNG", "cover_photo": "users/cover_photos/cover-photo-3.PNG", "address": "Ayvalı, Ayvalı Mustafa Ağa Merkez Cami, Ayvalı Caddesi, Keçiören/Ankara, Türkiye", "country": "Türkiye", "state": "Ankara", "city": null, "pin_code": "06010", "latitude": "39.983501", "longitude": "32.8193759", "location": "SRID=4326;POINT (32.8193759 39.983501)", "creat_at": "2023-05-24T16:46:09.981Z", "modified_at": "2023-05-25T07:58:02.448Z"}}, {"model": "accounts.userprofile", "pk": 63, "fields": {"user": 64, "profile_picture": "users/profile_pictures/profile-picture-1_srQ2NuF.PNG", "cover_photo": "users/cover_photos/cover-photo-5_uul5fsy.PNG", "address": "Ayvalı, Antares AVM, Afra Caddesi, Keçiören/Ankara, Türkiye", "country": "Türkiye", "state": "Ankara", "city": null, "pin_code": "06010", "latitude": "39.969671", "longitude": "32.8208399", "location": "SRID=4326;POINT (32.8208399 39.969671)", "creat_at": "2023-05-24T16:46:58.850Z", "modified_at": "2023-05-25T07:57:15.035Z"}}, {"model": "accounts.userprofile", "pk": 64, "fields": {"user": 65, "profile_picture": "", "cover_photo": "", "address": null, "country": null, "state": null, "city": null, "pin_code": null, "latitude": null, "longitude": null, "location": null, "creat_at": "2023-06-09T15:59:55.496Z", "modified_at": "2023-06-09T16:02:09.264Z"}}, {"model": "vendor.vendor", "pk": 10, "fields": {"user": 50, "user_profile": 49, "vendor_name": "VendorAhmetRestaurant", "vendor_slug": "vendorahmetrestaurant", "vendor_license": "vendor/licence/rice-bowl.jpg", "is_approved": true, "created_at": "2023-04-15T07:28:23.815Z", "modified_at": "2023-04-15T07:28:23.815Z"}}, {"model": "vendor.vendor", "pk": 18, "fields": {"user": 59, "user_profile": 58, "vendor_name": "Vendor2Restaurant", "vendor_slug": "vendor2restaurant", "vendor_license": "vendor/licence/Pan-Fried-Chicken-600x600.jpg", "is_approved": true, "created_at": "2023-05-11T12:43:01.052Z", "modified_at": "2023-05-11T12:43:01.052Z"}}, {"model": "vendor.vendor", "pk": 20, "fields": {"user": 61, "user_profile": 60, "vendor_name": "SecondRestaurant", "vendor_slug": "secondrestaurant-61", "vendor_license": "vendor/licence/steam-rice.jpg", "is_approved": true, "created_at": "2023-05-24T16:44:02.647Z", "modified_at": "2023-05-24T16:44:02.647Z"}}, {"model": "vendor.vendor", "pk": 21, "fields": {"user": 62, "user_profile": 61, "vendor_name": "Third Restaurant", "vendor_slug": "thirdrestaurant-62", "vendor_license": "vendor/licence/veg-pizza-600x600.jpg", "is_approved": true, "created_at": "2023-05-24T16:44:58.092Z", "modified_at": "2023-05-24T16:44:58.092Z"}}, {"model": "vendor.vendor", "pk": 22, "fields": {"user": 63, "user_profile": 62, "vendor_name": "Fourth Restaurant", "vendor_slug": "fourthrestaurant-63", "vendor_license": "vendor/licence/LyRqTLQGVNURWTmAkafCK9.jpg", "is_approved": true, "created_at": "2023-05-24T16:46:09.985Z", "modified_at": "2023-05-24T16:46:09.985Z"}}, {"model": "vendor.vendor", "pk": 23, "fields": {"user": 64, "user_profile": 63, "vendor_name": "Fifth Restaurant", "vendor_slug": "fifthrestaurant-64", "vendor_license": "vendor/licence/Ekran_Resmi_2023-05-17_21.59.20_x47YvVs.png", "is_approved": true, "created_at": "2023-05-24T16:46:58.855Z", "modified_at": "2023-05-24T16:46:58.855Z"}}, {"model": "vendor.openinghour", "pk": 1, "fields": {"vendor": 18, "day": 1, "from_hour": "06:00 AM", "to_hour": "04:00 PM", "is_closed": false}}, {"model": "vendor.openinghour", "pk": 105, "fields": {"vendor": 10, "day": 1, "from_hour": "12:00 AM", "to_hour": "12:00 AM", "is_closed": false}}, {"model": "vendor.openinghour", "pk": 114, "fields": {"vendor": 10, "day": 2, "from_hour": "12:00 AM", "to_hour": "02:30 AM", "is_closed": false}}, {"model": "vendor.openinghour", "pk": 115, "fields": {"vendor": 10, "day": 3, "from_hour": "04:30 AM", "to_hour": "07:00 PM", "is_closed": false}}, {"model": "vendor.openinghour", "pk": 117, "fields": {"vendor": 10, "day": 5, "from_hour": "02:00 AM", "to_hour": "08:00 PM", "is_closed": false}}, {"model": "vendor.openinghour", "pk": 118, "fields": {"vendor": 10, "day": 6, "from_hour": "", "to_hour": "", "is_closed": true}}, {"model": "vendor.openinghour", "pk": 119, "fields": {"vendor": 10, "day": 7, "from_hour": "", "to_hour": "", "is_closed": true}}, {"model": "vendor.openinghour", "pk": 126, "fields": {"vendor": 10, "day": 4, "from_hour": "12:00 AM", "to_hour": "11:30 PM", "is_closed": false}}, {"model": "menu.category", "pk": 1, "fields": {"vendor": 10, "category_name": "Burgers test", "slug": "burgers", "description": "Test category test", "created_at": "2023-05-08T13:15:05.492Z", "updated_at": "2023-05-10T10:19:33.639Z"}}, {"model": "menu.category", "pk": 2, "fields": {"vendor": 10, "category_name": "Pizza", "slug": "pizza", "description": "Pizza test categories", "created_at": "2023-05-08T13:15:25.240Z", "updated_at": "2023-05-08T14:44:51.867Z"}}, {"model": "menu.category", "pk": 3, "fields": {"vendor": 10, "category_name": "Sea Food", "slug": "sea-food", "description": "", "created_at": "2023-05-08T13:15:32.862Z", "updated_at": "2023-05-08T13:15:32.862Z"}}, {"model": "menu.category", "pk": 4, "fields": {"vendor": 10, "category_name": "Chicken", "slug": "chicken", "description": "", "created_at": "2023-05-08T13:15:48.333Z", "updated_at": "2023-05-08T13:15:48.333Z"}}, {"model": "menu.category", "pk": 9, "fields": {"vendor": 18, "category_name": "Vendor2cat", "slug": "vendor2cat", "description": "vendor 2 cat", "created_at": "2023-05-11T13:08:38.225Z", "updated_at": "2023-06-09T17:45:42.386Z"}}, {"model": "menu.category", "pk": 10, "fields": {"vendor": 18, "category_name": "Category123", "slug": "category123", "description": "", "created_at": "2023-05-11T13:17:45.430Z", "updated_at": "2023-05-11T13:17:45.430Z"}}, {"model": "menu.category", "pk": 11, "fields": {"vendor": 20, "category_name": "Pasta uylaş", "slug": "pasta-uylas-11", "description": "", "created_at": "2023-05-24T16:50:14.934Z", "updated_at": "2023-05-24T16:50:14.940Z"}}, {"model": "menu.category", "pk": 12, "fields": {"vendor": 20, "category_name": "Pirinç uylaş", "slug": "pirinc-uylas-12", "description": "", "created_at": "2023-05-24T16:52:18.724Z", "updated_at": "2023-05-24T16:52:18.728Z"}}, {"model": "menu.category", "pk": 13, "fields": {"vendor": 20, "category_name": "Tavuk", "slug": "tavuk-13", "description": "", "created_at": "2023-05-24T16:52:26.296Z", "updated_at": "2023-05-24T16:52:26.299Z"}}, {"model": "menu.category", "pk": 15, "fields": {"vendor": 21, "category_name": "Çorbacı", "slug": "corbac-15", "description": "Leziz Çorbalar", "created_at": "2023-05-24T17:22:21.701Z", "updated_at": "2023-05-24T17:22:21.703Z"}}, {"model": "menu.category", "pk": 16, "fields": {"vendor": 22, "category_name": "Yaş pasta", "slug": "yas-pasta-16", "description": "", "created_at": "2023-05-24T17:27:49.336Z", "updated_at": "2023-05-24T17:27:49.338Z"}}, {"model": "menu.category", "pk": 17, "fields": {"vendor": 23, "category_name": "Dondurma", "slug": "dondurma-17", "description": "", "created_at": "2023-05-24T17:30:16.731Z", "updated_at": "2023-05-24T17:30:16.735Z"}}, {"model": "menu.fooditem", "pk": 1, "fields": {"vendor": 10, "category": 1, "food_title": "Burger One", "slug": "burger-one", "description": "", "price": "10.00", "image": "foodimages/burger-600x600.jpg", "is_available": true, "created_at": "2023-05-08T13:18:04.037Z", "updated_at": "2023-05-08T13:18:04.037Z"}}, {"model": "menu.fooditem", "pk": 2, "fields": {"vendor": 10, "category": 2, "food_title": "Italian Pizza", "slug": "italian-pizza", "description": "", "price": "12.00", "image": "foodimages/italian-pizza-600x600.jpg", "is_available": true, "created_at": "2023-05-08T13:18:27.120Z", "updated_at": "2023-05-08T13:18:27.120Z"}}, {"model": "menu.fooditem", "pk": 3, "fields": {"vendor": 10, "category": 2, "food_title": "Pizza One", "slug": "pizza-one", "description": "", "price": "15.00", "image": "foodimages/pizza-600x600.jpg", "is_available": true, "created_at": "2023-05-08T13:18:50.780Z", "updated_at": "2023-05-08T13:18:50.780Z"}}, {"model": "menu.fooditem", "pk": 4, "fields": {"vendor": 10, "category": 3, "food_title": "Sea Food One", "slug": "sea-food-one", "description": "", "price": "20.00", "image": "foodimages/seafood-600x600.jpg", "is_available": true, "created_at": "2023-05-08T13:19:16.653Z", "updated_at": "2023-05-08T13:19:16.653Z"}}, {"model": "menu.fooditem", "pk": 5, "fields": {"vendor": 10, "category": 4, "food_title": "Fried Chicken", "slug": "fried-chicken", "description": "", "price": "15.00", "image": "foodimages/chicken-600x600.jpg", "is_available": true, "created_at": "2023-05-08T13:19:51.785Z", "updated_at": "2023-05-08T13:19:51.785Z"}}, {"model": "menu.fooditem", "pk": 6, "fields": {"vendor": 10, "category": 4, "food_title": "Barbecue Chicken", "slug": "barbecue-chicken", "description": "", "price": "25.00", "image": "foodimages/chicken-barbeque.jpg", "is_available": true, "created_at": "2023-05-08T13:20:35.717Z", "updated_at": "2023-05-13T15:22:25.102Z"}}, {"model": "menu.fooditem", "pk": 9, "fields": {"vendor": 20, "category": 11, "food_title": "Sipagetti", "slug": "", "description": "", "price": "15.00", "image": "foodimages/cover-photo-5.PNG", "is_available": true, "created_at": "2023-05-24T16:51:00.266Z", "updated_at": "2023-05-24T16:51:00.266Z"}}, {"model": "menu.fooditem", "pk": 14, "fields": {"vendor": 21, "category": 15, "food_title": "Yoğurt Çorbası", "slug": "yogurt-corbas", "description": "Bol soğanlı çorba", "price": "10.00", "image": "foodimages/steam-rice_cPvFYtw.jpg", "is_available": true, "created_at": "2023-05-24T17:25:34.652Z", "updated_at": "2023-05-24T17:25:34.652Z"}}, {"model": "menu.fooditem", "pk": 15, "fields": {"vendor": 21, "category": 15, "food_title": "Mercimek Çorbası", "slug": "mercimek-corbas", "description": "Salçalı mercimek çorba", "price": "11.00", "image": "foodimages/seafood-600x600_vysozpo.jpg", "is_available": true, "created_at": "2023-05-24T17:26:02.187Z", "updated_at": "2023-05-24T17:26:02.187Z"}}, {"model": "menu.fooditem", "pk": 16, "fields": {"vendor": 22, "category": 16, "food_title": "Kakaolu Pasta", "slug": "kakaolu-pasta", "description": "Çikolata parçacıklı", "price": "15.00", "image": "foodimages/profile-picture-2.PNG", "is_available": true, "created_at": "2023-05-24T17:28:19.607Z", "updated_at": "2023-05-24T17:28:32.178Z"}}, {"model": "menu.fooditem", "pk": 17, "fields": {"vendor": 22, "category": 16, "food_title": "Çilekli Pasta", "slug": "cilekli-pasta", "description": "Bol çilekli", "price": "11.00", "image": "foodimages/profile-picture-4.PNG", "is_available": true, "created_at": "2023-05-24T17:29:20.751Z", "updated_at": "2023-05-24T17:29:20.751Z"}}, {"model": "menu.fooditem", "pk": 18, "fields": {"vendor": 23, "category": 17, "food_title": "Sade Dondurma", "slug": "sade-dondurma", "description": "", "price": "3.00", "image": "foodimages/profile-picture-1.PNG", "is_available": true, "created_at": "2023-05-24T17:30:36.917Z", "updated_at": "2023-05-24T17:30:36.917Z"}}, {"model": "menu.fooditem", "pk": 19, "fields": {"vendor": 23, "category": 17, "food_title": "Limonlu Dondurma", "slug": "limonlu-dondurma", "description": "", "price": "4.00", "image": "foodimages/profile-picture-5.PNG", "is_available": true, "created_at": "2023-05-24T17:30:53.874Z", "updated_at": "2023-05-24T17:30:53.874Z"}}, {"model": "menu.fooditem", "pk": 20, "fields": {"vendor": 18, "category": 9, "food_title": "Sipagetti", "slug": "sipagetti", "description": "Özel makarna", "price": "3.00", "image": "foodimages/steam-rice_OxsLaLJ.jpg", "is_available": true, "created_at": "2023-06-09T17:46:40.697Z", "updated_at": "2023-06-09T17:46:40.697Z"}}, {"model": "marketplace.tax", "pk": 1, "fields": {"tax_type": "KDV", "tax_percentage": "8.00", "is_active": true}}, {"model": "marketplace.tax", "pk": 2, "fields": {"tax_type": "ÖTV", "tax_percentage": "18.00", "is_active": true}}, {"model": "orders.payment", "pk": 1, "fields": {"user": 47, "transaction_id": "41J585703J975164Y", "payment_method": "PayPal", "amount": "18.9", "status": "COMPLETED", "created_at": "2023-06-06T08:23:53.604Z"}}, {"model": "orders.payment", "pk": 2, "fields": {"user": 47, "transaction_id": "3CA46423KS4755214", "payment_method": "PayPal", "amount": "18.9", "status": "COMPLETED", "created_at": "2023-06-07T14:37:00.922Z"}}, {"model": "orders.payment", "pk": 3, "fields": {"user": 47, "transaction_id": "1ER13248PT878613G", "payment_method": "PayPal", "amount": "18.9", "status": "COMPLETED", "created_at": "2023-06-07T14:58:30.135Z"}}, {"model": "orders.payment", "pk": 4, "fields": {"user": 47, "transaction_id": "32T52356BH701221H", "payment_method": "PayPal", "amount": "68.04", "status": "COMPLETED", "created_at": "2023-06-08T07:49:10.100Z"}}, {"model": "orders.payment", "pk": 5, "fields": {"user": 47, "transaction_id": "3XW73648MH700380V", "payment_method": "PayPal", "amount": "68.04", "status": "COMPLETED", "created_at": "2023-06-08T08:05:45.852Z"}}, {"model": "orders.payment", "pk": 6, "fields": {"user": 47, "transaction_id": "27907020LM677493G", "payment_method": "PayPal", "amount": "37.8", "status": "COMPLETED", "created_at": "2023-06-08T08:12:08.036Z"}}, {"model": "orders.payment", "pk": 7, "fields": {"user": 47, "transaction_id": "01S034899P949484C", "payment_method": "PayPal", "amount": "37.8", "status": "COMPLETED", "created_at": "2023-06-08T08:20:16.122Z"}}, {"model": "orders.payment", "pk": 8, "fields": {"user": 47, "transaction_id": "4MA14081N8868354Y", "payment_method": "PayPal", "amount": "18.9", "status": "COMPLETED", "created_at": "2023-06-08T08:22:52.155Z"}}, {"model": "orders.payment", "pk": 9, "fields": {"user": 47, "transaction_id": "9JB35609DR7439604", "payment_method": "PayPal", "amount": "18.9", "status": "COMPLETED", "created_at": "2023-06-08T09:08:13.072Z"}}, {"model": "orders.payment", "pk": 10, "fields": {"user": 47, "transaction_id": "20U610239J823824A", "payment_method": "PayPal", "amount": "44.1", "status": "COMPLETED", "created_at": "2023-06-08T09:10:11.666Z"}}, {"model": "orders.payment", "pk": 11, "fields": {"user": 47, "transaction_id": "33G49094L18938003", "payment_method": "PayPal", "amount": "15.12", "status": "COMPLETED", "created_at": "2023-06-08T09:56:37.586Z"}}, {"model": "orders.payment", "pk": 12, "fields": {"user": 47, "transaction_id": "7CU24890EP1208143", "payment_method": "PayPal", "amount": "25.2", "status": "COMPLETED", "created_at": "2023-06-08T11:08:40.564Z"}}, {"model": "orders.payment", "pk": 13, "fields": {"user": 47, "transaction_id": "5G361563L7699774W", "payment_method": "PayPal", "amount": "302.4", "status": "COMPLETED", "created_at": "2023-06-08T11:10:56.598Z"}}, {"model": "orders.payment", "pk": 14, "fields": {"user": 47, "transaction_id": "69N61706BY8445916", "payment_method": "PayPal", "amount": "30.24", "status": "COMPLETED", "created_at": "2023-06-08T14:36:03.241Z"}}, {"model": "orders.payment", "pk": 15, "fields": {"user": 47, "transaction_id": "6SE80035JS120263W", "payment_method": "PayPal", "amount": "30.24", "status": "COMPLETED", "created_at": "2023-06-09T07:49:01.793Z"}}, {"model": "orders.payment", "pk": 16, "fields": {"user": 47, "transaction_id": "13L13844A69340112", "payment_method": "PayPal", "amount": "85.68", "status": "COMPLETED", "created_at": "2023-06-09T09:04:02.433Z"}}, {"model": "orders.payment", "pk": 17, "fields": {"user": 47, "transaction_id": "3R941507SC541220W", "payment_method": "PayPal", "amount": "93.24", "status": "COMPLETED", "created_at": "2023-06-09T09:13:07.454Z"}}, {"model": "orders.payment", "pk": 18, "fields": {"user": 47, "transaction_id": "6KD24792ES706805W", "payment_method": "PayPal", "amount": "79.38", "status": "COMPLETED", "created_at": "2023-06-09T09:15:42.304Z"}}, {"model": "orders.payment", "pk": 19, "fields": {"user": 47, "transaction_id": "77B87568XX461191J", "payment_method": "PayPal", "amount": "79.38", "status": "COMPLETED", "created_at": "2023-06-09T09:16:49.720Z"}}, {"model": "orders.payment", "pk": 20, "fields": {"user": 47, "transaction_id": "7S829439792121709", "payment_method": "PayPal", "amount": "317.52", "status": "COMPLETED", "created_at": "2023-06-09T12:59:46.020Z"}}, {"model": "orders.payment", "pk": 21, "fields": {"user": 47, "transaction_id": "1JT20408YY2639105", "payment_method": "PayPal", "amount": "88.2", "status": "COMPLETED", "created_at": "2023-06-09T13:58:24.771Z"}}, {"model": "orders.payment", "pk": 22, "fields": {"user": 47, "transaction_id": "1VK34419T61538022", "payment_method": "PayPal", "amount": "31.5", "status": "COMPLETED", "created_at": "2023-06-09T17:01:54.190Z"}}, {"model": "orders.payment", "pk": 23, "fields": {"user": 47, "transaction_id": "2UV19389SH3559530", "payment_method": "PayPal", "amount": "54.18", "status": "COMPLETED", "created_at": "2023-06-09T17:07:59.135Z"}}, {"model": "orders.payment", "pk": 24, "fields": {"user": 47, "transaction_id": "0JG82434AC9772624", "payment_method": "PayPal", "amount": "54.18", "status": "COMPLETED", "created_at": "2023-06-09T17:11:08.394Z"}}, {"model": "orders.payment", "pk": 25, "fields": {"user": 47, "transaction_id": "6VV61434MU435232J", "payment_method": "PayPal", "amount": "54.18", "status": "COMPLETED", "created_at": "2023-06-09T17:12:52.122Z"}}, {"model": "orders.payment", "pk": 26, "fields": {"user": 47, "transaction_id": "55P34832HF795404U", "payment_method": "PayPal", "amount": "54.18", "status": "COMPLETED", "created_at": "2023-06-09T17:15:20.616Z"}}, {"model": "orders.payment", "pk": 27, "fields": {"user": 47, "transaction_id": "75X09923XN726351G", "payment_method": "PayPal", "amount": "54.18", "status": "COMPLETED", "created_at": "2023-06-09T17:24:57.456Z"}}, {"model": "orders.payment", "pk": 28, "fields": {"user": 47, "transaction_id": "5UH79786NH312440A", "payment_method": "PayPal", "amount": "54.18", "status": "COMPLETED", "created_at": "2023-06-09T17:42:24.900Z"}}, {"model": "orders.payment", "pk": 29, "fields": {"user": 47, "transaction_id": "2VV51025US555233T", "payment_method": "PayPal", "amount": "35.28", "status": "COMPLETED", "created_at": "2023-06-09T17:47:31.491Z"}}, {"model": "orders.payment", "pk": 30, "fields": {"user": 47, "transaction_id": "15A18228V2081223K", "payment_method": "PayPal", "amount": "35.28", "status": "COMPLETED", "created_at": "2023-06-09T17:57:07.900Z"}}, {"model": "orders.payment", "pk": 31, "fields": {"user": 47, "transaction_id": "80Y26930V78045242", "payment_method": "PayPal", "amount": "35.28", "status": "COMPLETED", "created_at": "2023-06-09T17:59:32.812Z"}}, {"model": "orders.payment", "pk": 32, "fields": {"user": 47, "transaction_id": "1RR38079VE548004S", "payment_method": "PayPal", "amount": "39.06", "status": "COMPLETED", "created_at": "2023-06-10T07:21:38.492Z"}}, {"model": "orders.order", "pk": 34, "fields": {"user": 47, "payment": 4, "order_number": "12312312", "first_name": "asdasd", "last_name": "asdasd", "phone": "123123", "email": "asda@g.com", "address": "asdasd", "country": "asdasd", "state": "sasdasd", "city": "asdasd", "pin_code": "123123", "total": 100.0, "tax_data": null, "total_data": null, "total_tax": 100.0, "payment_method": "PayPal", "status": "New", "is_ordered": true, "created_at": "2023-06-09T08:39:03.302Z", "updated_at": "2023-06-09T08:39:03.302Z", "vendors": [18, 10, 20]}}, {"model": "orders.order", "pk": 35, "fields": {"user": 47, "payment": 1, "order_number": "123123", "first_name": "1231asdad", "last_name": "asdasd", "phone": "123123", "email": "asd123a@g.com", "address": "asdasd", "country": "asdasd", "state": "asdasd", "city": "asdasd", "pin_code": "123123", "total": 1000.0, "tax_data": null, "total_data": null, "total_tax": 100.0, "payment_method": "PayPal", "status": "New", "is_ordered": true, "created_at": "2023-06-09T08:39:47.876Z", "updated_at": "2023-06-09T08:39:47.876Z", "vendors": [20, 21, 22]}}, {"model": "orders.order", "pk": 36, "fields": {"user": 47, "payment": 4, "order_number": "123123", "first_name": "asdasd", "last_name": "asdasd", "phone": "123123", "email": "asdasdasd@gm.com", "address": "sadasd", "country": "asdas", "state": "asdasd", "city": "asdas", "pin_code": "123123", "total": 200.0, "tax_data": null, "total_data": null, "total_tax": 50.0, "payment_method": "PayPal", "status": "New", "is_ordered": true, "created_at": "2023-06-09T08:40:26.557Z", "updated_at": "2023-06-09T08:40:26.557Z", "vendors": [18, 20, 22]}}, {"model": "orders.order", "pk": 37, "fields": {"user": 47, "payment": 16, "order_number": "2023060909034737", "first_name": "Customer", "last_name": "foodOnline", "phone": "5442791659", "email": "customer.foodonlinee@gmail.com", "address": "Mimar Sinan, Ankara Pursaklar Devlet Hastanesi, Çağatay Cad, Pursaklar/Ankara, Türkiye", "country": "Türkiye", "state": "Ankara", "city": "Ankara", "pin_code": "06145", "total": 85.68, "tax_data": "{\"KDV\": {\"8.00\": 5.44}, \"\\u00d6TV\": {\"18.00\": 12.24}}", "total_data": null, "total_tax": 17.68, "payment_method": "PayPal", "status": "New", "is_ordered": true, "created_at": "2023-06-09T09:03:47.676Z", "updated_at": "2023-06-09T09:04:02.435Z", "vendors": []}}, {"model": "orders.order", "pk": 38, "fields": {"user": 47, "payment": 17, "order_number": "2023060909125838", "first_name": "Customer", "last_name": "foodOnline", "phone": "5442791659", "email": "customer.foodonlinee@gmail.com", "address": "Mimar Sinan, Ankara Pursaklar Devlet Hastanesi, Çağatay Cad, Pursaklar/Ankara, Türkiye", "country": "Türkiye", "state": "Ankara", "city": "Ankara", "pin_code": "06145", "total": 93.24, "tax_data": "{\"KDV\": {\"8.00\": 5.92}, \"\\u00d6TV\": {\"18.00\": 13.32}}", "total_data": null, "total_tax": 19.24, "payment_method": "PayPal", "status": "New", "is_ordered": true, "created_at": "2023-06-09T09:12:58.081Z", "updated_at": "2023-06-09T09:13:07.456Z", "vendors": []}}, {"model": "orders.order", "pk": 39, "fields": {"user": 47, "payment": 18, "order_number": "2023060909152439", "first_name": "Customer", "last_name": "foodOnline", "phone": "5442791659", "email": "customer.foodonlinee@gmail.com", "address": "Mimar Sinan, Ankara Pursaklar Devlet Hastanesi, Çağatay Cad, Pursaklar/Ankara, Türkiye", "country": "Türkiye", "state": "Ankara", "city": "Ankara", "pin_code": "06145", "total": 79.38, "tax_data": "{\"KDV\": {\"8.00\": 5.04}, \"\\u00d6TV\": {\"18.00\": 11.34}}", "total_data": null, "total_tax": 16.38, "payment_method": "PayPal", "status": "New", "is_ordered": true, "created_at": "2023-06-09T09:15:24.668Z", "updated_at": "2023-06-09T09:15:42.305Z", "vendors": []}}, {"model": "orders.order", "pk": 40, "fields": {"user": 47, "payment": 19, "order_number": "2023060909163740", "first_name": "Customer", "last_name": "foodOnline", "phone": "5442791659", "email": "customer.foodonlinee@gmail.com", "address": "Mimar Sinan, Ankara Pursaklar Devlet Hastanesi, Çağatay Cad, Pursaklar/Ankara, Türkiye", "country": "Türkiye", "state": "Ankara", "city": "Ankara", "pin_code": "06145", "total": 79.38, "tax_data": "{\"KDV\": {\"8.00\": 5.04}, \"\\u00d6TV\": {\"18.00\": 11.34}}", "total_data": null, "total_tax": 16.38, "payment_method": "PayPal", "status": "New", "is_ordered": true, "created_at": "2023-06-09T09:16:37.694Z", "updated_at": "2023-06-09T09:16:49.721Z", "vendors": [10, 20, 21, 22]}}, {"model": "orders.order", "pk": 41, "fields": {"user": 47, "payment": null, "order_number": "2023060911515041", "first_name": "Customer", "last_name": "foodOnline", "phone": "5442791659", "email": "customer.foodonlinee@gmail.com", "address": "Mimar Sinan, Ankara Pursaklar Devlet Hastanesi, Çağatay Cad, Pursaklar/Ankara, Türkiye", "country": "Türkiye", "state": "Ankara", "city": "Ankara", "pin_code": "06145", "total": 149.94, "tax_data": "{\"KDV\": {\"8.00\": 9.52}, \"\\u00d6TV\": {\"18.00\": 21.42}}", "total_data": null, "total_tax": 30.94, "payment_method": "PayPal", "status": "New", "is_ordered": false, "created_at": "2023-06-09T11:51:50.518Z", "updated_at": "2023-06-09T11:51:50.526Z", "vendors": [10, 20, 21, 22]}}, {"model": "orders.order", "pk": 42, "fields": {"user": 47, "payment": null, "order_number": "2023060912034542", "first_name": "Customer", "last_name": "foodOnline", "phone": "5442791659", "email": "customer.foodonlinee@gmail.com", "address": "Mimar Sinan, Ankara Pursaklar Devlet Hastanesi, Çağatay Cad, Pursaklar/Ankara, Türkiye", "country": "Türkiye", "state": "Ankara", "city": "Ankara", "pin_code": "06145", "total": 149.94, "tax_data": "{\"KDV\": {\"8.00\": 9.52}, \"\\u00d6TV\": {\"18.00\": 21.42}}", "total_data": null, "total_tax": 30.94, "payment_method": "PayPal", "status": "New", "is_ordered": false, "created_at": "2023-06-09T12:03:45.174Z", "updated_at": "2023-06-09T12:03:45.181Z", "vendors": [10, 20, 21, 22]}}, {"model": "orders.order", "pk": 43, "fields": {"user": 47, "payment": null, "order_number": "2023060912052543", "first_name": "Customer", "last_name": "foodOnline", "phone": "5442791659", "email": "customer.foodonlinee@gmail.com", "address": "Mimar Sinan, Ankara Pursaklar Devlet Hastanesi, Çağatay Cad, Pursaklar/Ankara, Türkiye", "country": "Türkiye", "state": "Ankara", "city": "Ankara", "pin_code": "06145", "total": 149.94, "tax_data": "{\"KDV\": {\"8.00\": 9.52}, \"\\u00d6TV\": {\"18.00\": 21.42}}", "total_data": "{\"10\": {\"27.00\": \"{'KDV': {'8.00': '2.16'}, '\\u00d6TV': {'18.00': '4.86'}}\"}, \"21\": {\"10.00\": \"{'KDV': {'8.00': '0.80'}, '\\u00d6TV': {'18.00': '1.80'}}\"}, \"22\": {\"22.00\": \"{'KDV': {'8.00': '1.76'}, '\\u00d6TV': {'18.00': '3.96'}}\"}, \"20\": {\"60.00\": \"{'KDV': {'8.00': '4.80'}, '\\u00d6TV': {'18.00': '10.80'}}\"}}", "total_tax": 30.94, "payment_method": "PayPal", "status": "New", "is_ordered": false, "created_at": "2023-06-09T12:05:25.412Z", "updated_at": "2023-06-09T12:05:25.421Z", "vendors": [10, 20, 21, 22]}}, {"model": "orders.order", "pk": 44, "fields": {"user": 47, "payment": 20, "order_number": "2023060912593244", "first_name": "Customer", "last_name": "foodOnline", "phone": "5442791659", "email": "customer.foodonlinee@gmail.com", "address": "Mimar Sinan, Ankara Pursaklar Devlet Hastanesi, Çağatay Cad, Pursaklar/Ankara, Türkiye", "country": "Türkiye", "state": "Ankara", "city": "Ankara", "pin_code": "06145", "total": 317.52, "tax_data": "{\"KDV\": {\"8.00\": 20.16}, \"\\u00d6TV\": {\"18.00\": 45.36}}", "total_data": "{\"10\": {\"160.00\": \"{'KDV': {'8.00': '12.80'}, '\\u00d6TV': {'18.00': '28.80'}}\"}, \"21\": {\"10.00\": \"{'KDV': {'8.00': '0.80'}, '\\u00d6TV': {'18.00': '1.80'}}\"}, \"22\": {\"22.00\": \"{'KDV': {'8.00': '1.76'}, '\\u00d6TV': {'18.00': '3.96'}}\"}, \"20\": {\"60.00\": \"{'KDV': {'8.00': '4.80'}, '\\u00d6TV': {'18.00': '10.80'}}\"}}", "total_tax": 65.52, "payment_method": "PayPal", "status": "New", "is_ordered": true, "created_at": "2023-06-09T12:59:32.068Z", "updated_at": "2023-06-09T12:59:46.022Z", "vendors": [10, 20, 21, 22]}}, {"model": "orders.order", "pk": 45, "fields": {"user": 47, "payment": 21, "order_number": "2023060913581145", "first_name": "Customer", "last_name": "foodOnline", "phone": "5442791659", "email": "customer.foodonlinee@gmail.com", "address": "Mimar Sinan, Ankara Pursaklar Devlet Hastanesi, Çağatay Cad, Pursaklar/Ankara, Türkiye", "country": "Türkiye", "state": "Ankara", "city": "Ankara", "pin_code": "06145", "total": 88.2, "tax_data": "{\"KDV\": {\"8.00\": 5.60}, \"\\u00d6TV\": {\"18.00\": 12.60}}", "total_data": "{\"10\": {\"70.00\": \"{'KDV': {'8.00': '5.60'}, '\\u00d6TV': {'18.00': '12.60'}}\"}}", "total_tax": 18.2, "payment_method": "PayPal", "status": "New", "is_ordered": true, "created_at": "2023-06-09T13:58:11.748Z", "updated_at": "2023-06-09T13:58:24.773Z", "vendors": [10]}}, {"model": "orders.order", "pk": 46, "fields": {"user": 47, "payment": 22, "order_number": "2023060917013746", "first_name": "Customer", "last_name": "foodOnline", "phone": "5442791659", "email": "customer.foodonlinee@gmail.com", "address": "Mimar Sinan, Ankara Pursaklar Devlet Hastanesi, Çağatay Cad, Pursaklar/Ankara, Türkiye", "country": "Türkiye", "state": "Ankara", "city": "Ankara", "pin_code": "06145", "total": 31.5, "tax_data": "{\"KDV\": {\"8.00\": 2.00}, \"\\u00d6TV\": {\"18.00\": 4.50}}", "total_data": "{\"10\": {\"25.00\": \"{'KDV': {'8.00': '2.00'}, '\\u00d6TV': {'18.00': '4.50'}}\"}}", "total_tax": 6.5, "payment_method": "PayPal", "status": "New", "is_ordered": true, "created_at": "2023-06-09T17:01:37.775Z", "updated_at": "2023-06-09T17:01:54.191Z", "vendors": [10]}}, {"model": "orders.order", "pk": 47, "fields": {"user": 47, "payment": 23, "order_number": "2023060917074247", "first_name": "Customer", "last_name": "foodOnline", "phone": "5442791659", "email": "customer.foodonlinee@gmail.com", "address": "Mimar Sinan, Ankara Pursaklar Devlet Hastanesi, Çağatay Cad, Pursaklar/Ankara, Türkiye", "country": "Türkiye", "state": "Ankara", "city": "Ankara", "pin_code": "06145", "total": 54.18, "tax_data": "{\"KDV\": {\"8.00\": 3.44}, \"\\u00d6TV\": {\"18.00\": 7.74}}", "total_data": "{\"10\": {\"25.00\": \"{'KDV': {'8.00': '2.00'}, '\\u00d6TV': {'18.00': '4.50'}}\"}, \"23\": {\"7.00\": \"{'KDV': {'8.00': '0.56'}, '\\u00d6TV': {'18.00': '1.26'}}\"}, \"22\": {\"11.00\": \"{'KDV': {'8.00': '0.88'}, '\\u00d6TV': {'18.00': '1.98'}}\"}}", "total_tax": 11.18, "payment_method": "PayPal", "status": "New", "is_ordered": true, "created_at": "2023-06-09T17:07:42.328Z", "updated_at": "2023-06-09T17:07:59.136Z", "vendors": [10, 22, 23]}}, {"model": "orders.order", "pk": 48, "fields": {"user": 47, "payment": 24, "order_number": "2023060917105648", "first_name": "Customer", "last_name": "foodOnline", "phone": "5442791659", "email": "customer.foodonlinee@gmail.com", "address": "Mimar Sinan, Ankara Pursaklar Devlet Hastanesi, Çağatay Cad, Pursaklar/Ankara, Türkiye", "country": "Türkiye", "state": "Ankara", "city": "Ankara", "pin_code": "06145", "total": 54.18, "tax_data": "{\"KDV\": {\"8.00\": 3.44}, \"\\u00d6TV\": {\"18.00\": 7.74}}", "total_data": "{\"10\": {\"25.00\": \"{'KDV': {'8.00': '2.00'}, '\\u00d6TV': {'18.00': '4.50'}}\"}, \"23\": {\"7.00\": \"{'KDV': {'8.00': '0.56'}, '\\u00d6TV': {'18.00': '1.26'}}\"}, \"22\": {\"11.00\": \"{'KDV': {'8.00': '0.88'}, '\\u00d6TV': {'18.00': '1.98'}}\"}}", "total_tax": 11.18, "payment_method": "PayPal", "status": "New", "is_ordered": true, "created_at": "2023-06-09T17:10:56.624Z", "updated_at": "2023-06-09T17:11:08.395Z", "vendors": [10, 22, 23]}}, {"model": "orders.order", "pk": 49, "fields": {"user": 47, "payment": 25, "order_number": "2023060917123749", "first_name": "Customer", "last_name": "foodOnline", "phone": "5442791659", "email": "customer.foodonlinee@gmail.com", "address": "Mimar Sinan, Ankara Pursaklar Devlet Hastanesi, Çağatay Cad, Pursaklar/Ankara, Türkiye", "country": "Türkiye", "state": "Ankara", "city": "Ankara", "pin_code": "06145", "total": 54.18, "tax_data": "{\"KDV\": {\"8.00\": 3.44}, \"\\u00d6TV\": {\"18.00\": 7.74}}", "total_data": "{\"10\": {\"25.00\": \"{'KDV': {'8.00': '2.00'}, '\\u00d6TV': {'18.00': '4.50'}}\"}, \"23\": {\"7.00\": \"{'KDV': {'8.00': '0.56'}, '\\u00d6TV': {'18.00': '1.26'}}\"}, \"22\": {\"11.00\": \"{'KDV': {'8.00': '0.88'}, '\\u00d6TV': {'18.00': '1.98'}}\"}}", "total_tax": 11.18, "payment_method": "PayPal", "status": "New", "is_ordered": true, "created_at": "2023-06-09T17:12:37.679Z", "updated_at": "2023-06-09T17:12:52.123Z", "vendors": [10, 22, 23]}}, {"model": "orders.order", "pk": 50, "fields": {"user": 47, "payment": 26, "order_number": "2023060917151050", "first_name": "Customer", "last_name": "foodOnline", "phone": "5442791659", "email": "customer.foodonlinee@gmail.com", "address": "Mimar Sinan, Ankara Pursaklar Devlet Hastanesi, Çağatay Cad, Pursaklar/Ankara, Türkiye", "country": "Türkiye", "state": "Ankara", "city": "Ankara", "pin_code": "06145", "total": 54.18, "tax_data": "{\"KDV\": {\"8.00\": 3.44}, \"\\u00d6TV\": {\"18.00\": 7.74}}", "total_data": "{\"10\": {\"25.00\": \"{'KDV': {'8.00': '2.00'}, '\\u00d6TV': {'18.00': '4.50'}}\"}, \"23\": {\"7.00\": \"{'KDV': {'8.00': '0.56'}, '\\u00d6TV': {'18.00': '1.26'}}\"}, \"22\": {\"11.00\": \"{'KDV': {'8.00': '0.88'}, '\\u00d6TV': {'18.00': '1.98'}}\"}}", "total_tax": 11.18, "payment_method": "PayPal", "status": "New", "is_ordered": true, "created_at": "2023-06-09T17:15:10.805Z", "updated_at": "2023-06-09T17:15:20.618Z", "vendors": [10, 22, 23]}}, {"model": "orders.order", "pk": 51, "fields": {"user": 47, "payment": 27, "order_number": "2023060917243451", "first_name": "Customer", "last_name": "foodOnline", "phone": "5442791659", "email": "customer.foodonlinee@gmail.com", "address": "Mimar Sinan, Ankara Pursaklar Devlet Hastanesi, Çağatay Cad, Pursaklar/Ankara, Türkiye", "country": "Türkiye", "state": "Ankara", "city": "Ankara", "pin_code": "06145", "total": 54.18, "tax_data": "{\"KDV\": {\"8.00\": 3.44}, \"\\u00d6TV\": {\"18.00\": 7.74}}", "total_data": "{\"10\": {\"25.00\": \"{'KDV': {'8.00': '2.00'}, '\\u00d6TV': {'18.00': '4.50'}}\"}, \"23\": {\"7.00\": \"{'KDV': {'8.00': '0.56'}, '\\u00d6TV': {'18.00': '1.26'}}\"}, \"22\": {\"11.00\": \"{'KDV': {'8.00': '0.88'}, '\\u00d6TV': {'18.00': '1.98'}}\"}}", "total_tax": 11.18, "payment_method": "PayPal", "status": "New", "is_ordered": true, "created_at": "2023-06-09T17:24:34.596Z", "updated_at": "2023-06-09T17:24:57.458Z", "vendors": [10, 22, 23]}}, {"model": "orders.order", "pk": 52, "fields": {"user": 47, "payment": 28, "order_number": "2023060917421052", "first_name": "Customer", "last_name": "foodOnline", "phone": "5442791659", "email": "customer.foodonlinee@gmail.com", "address": "Mimar Sinan, Ankara Pursaklar Devlet Hastanesi, Çağatay Cad, Pursaklar/Ankara, Türkiye", "country": "Türkiye", "state": "Ankara", "city": "Ankara", "pin_code": "06145", "total": 54.18, "tax_data": "{\"KDV\": {\"8.00\": 3.44}, \"\\u00d6TV\": {\"18.00\": 7.74}}", "total_data": "{\"10\": {\"25.00\": \"{'KDV': {'8.00': '2.00'}, '\\u00d6TV': {'18.00': '4.50'}}\"}, \"23\": {\"7.00\": \"{'KDV': {'8.00': '0.56'}, '\\u00d6TV': {'18.00': '1.26'}}\"}, \"22\": {\"11.00\": \"{'KDV': {'8.00': '0.88'}, '\\u00d6TV': {'18.00': '1.98'}}\"}}", "total_tax": 11.18, "payment_method": "PayPal", "status": "New", "is_ordered": true, "created_at": "2023-06-09T17:42:10.652Z", "updated_at": "2023-06-09T17:42:24.902Z", "vendors": [10, 22, 23]}}, {"model": "orders.order", "pk": 53, "fields": {"user": 47, "payment": 29, "order_number": "2023060917472253", "first_name": "Customer", "last_name": "foodOnline", "phone": "5442791659", "email": "customer.foodonlinee@gmail.com", "address": "Mimar Sinan, Ankara Pursaklar Devlet Hastanesi, Çağatay Cad, Pursaklar/Ankara, Türkiye", "country": "Türkiye", "state": "Ankara", "city": "Ankara", "pin_code": "06145", "total": 35.28, "tax_data": "{\"KDV\": {\"8.00\": 2.24}, \"\\u00d6TV\": {\"18.00\": 5.04}}", "total_data": "{\"10\": {\"25.00\": \"{'KDV': {'8.00': '2.00'}, '\\u00d6TV': {'18.00': '4.50'}}\"}, \"18\": {\"3.00\": \"{'KDV': {'8.00': '0.24'}, '\\u00d6TV': {'18.00': '0.54'}}\"}}", "total_tax": 7.28, "payment_method": "PayPal", "status": "New", "is_ordered": true, "created_at": "2023-06-09T17:47:22.211Z", "updated_at": "2023-06-09T17:47:31.493Z", "vendors": [18, 10]}}, {"model": "orders.order", "pk": 54, "fields": {"user": 47, "payment": 30, "order_number": "2023060917565554", "first_name": "Customer", "last_name": "foodOnline", "phone": "5442791659", "email": "customer.foodonlinee@gmail.com", "address": "Mimar Sinan, Ankara Pursaklar Devlet Hastanesi, Çağatay Cad, Pursaklar/Ankara, Türkiye", "country": "Türkiye", "state": "Ankara", "city": "Ankara", "pin_code": "06145", "total": 35.28, "tax_data": "{\"KDV\": {\"8.00\": 2.24}, \"\\u00d6TV\": {\"18.00\": 5.04}}", "total_data": "{\"10\": {\"25.00\": \"{'KDV': {'8.00': '2.00'}, '\\u00d6TV': {'18.00': '4.50'}}\"}, \"18\": {\"3.00\": \"{'KDV': {'8.00': '0.24'}, '\\u00d6TV': {'18.00': '0.54'}}\"}}", "total_tax": 7.28, "payment_method": "PayPal", "status": "New", "is_ordered": true, "created_at": "2023-06-09T17:56:55.965Z", "updated_at": "2023-06-09T17:57:07.902Z", "vendors": [10, 18]}}, {"model": "orders.order", "pk": 55, "fields": {"user": 47, "payment": 31, "order_number": "2023060917591855", "first_name": "Customer", "last_name": "foodOnline", "phone": "5442791659", "email": "customer.foodonlinee@gmail.com", "address": "Mimar Sinan, Ankara Pursaklar Devlet Hastanesi, Çağatay Cad, Pursaklar/Ankara, Türkiye", "country": "Türkiye", "state": "Ankara", "city": "Ankara", "pin_code": "06145", "total": 35.28, "tax_data": "{\"KDV\": {\"8.00\": 2.24}, \"\\u00d6TV\": {\"18.00\": 5.04}}", "total_data": "{\"10\": {\"25.00\": \"{'KDV': {'8.00': '2.00'}, '\\u00d6TV': {'18.00': '4.50'}}\"}, \"18\": {\"3.00\": \"{'KDV': {'8.00': '0.24'}, '\\u00d6TV': {'18.00': '0.54'}}\"}}", "total_tax": 7.28, "payment_method": "PayPal", "status": "New", "is_ordered": true, "created_at": "2023-06-09T17:59:18.710Z", "updated_at": "2023-06-09T17:59:32.813Z", "vendors": [10, 18]}}, {"model": "orders.order", "pk": 56, "fields": {"user": 47, "payment": 32, "order_number": "2023061007212156", "first_name": "Customer", "last_name": "foodOnline", "phone": "5442791659", "email": "customer.foodonlinee@gmail.com", "address": "Mimar Sinan, Ankara Pursaklar Devlet Hastanesi, Çağatay Cad, Pursaklar/Ankara, Türkiye", "country": "Türkiye", "state": "Ankara", "city": "Ankara", "pin_code": "06145", "total": 39.06, "tax_data": "{\"KDV\": {\"8.00\": 2.48}, \"\\u00d6TV\": {\"18.00\": 5.58}}", "total_data": "{\"10\": {\"25.00\": \"{'KDV': {'8.00': '2.00'}, '\\u00d6TV': {'18.00': '4.50'}}\"}, \"18\": {\"6.00\": \"{'KDV': {'8.00': '0.48'}, '\\u00d6TV': {'18.00': '1.08'}}\"}}", "total_tax": 8.06, "payment_method": "PayPal", "status": "New", "is_ordered": true, "created_at": "2023-06-10T07:21:21.227Z", "updated_at": "2023-06-10T07:21:38.494Z", "vendors": [10, 18]}}, {"model": "orders.orderedfood", "pk": 26, "fields": {"order": 37, "payment": 16, "user": 47, "fooditem": 2, "quantity": 1, "price": 12.0, "amount": 12.0, "created_at": "2023-06-09T09:04:02.442Z", "updated_at": "2023-06-09T09:04:02.442Z"}}, {"model": "orders.orderedfood", "pk": 27, "fields": {"order": 37, "payment": 16, "user": 47, "fooditem": 3, "quantity": 1, "price": 15.0, "amount": 15.0, "created_at": "2023-06-09T09:04:02.445Z", "updated_at": "2023-06-09T09:04:02.445Z"}}, {"model": "orders.orderedfood", "pk": 28, "fields": {"order": 37, "payment": 16, "user": 47, "fooditem": 4, "quantity": 1, "price": 20.0, "amount": 20.0, "created_at": "2023-06-09T09:04:02.448Z", "updated_at": "2023-06-09T09:04:02.448Z"}}, {"model": "orders.orderedfood", "pk": 29, "fields": {"order": 37, "payment": 16, "user": 47, "fooditem": 14, "quantity": 1, "price": 10.0, "amount": 10.0, "created_at": "2023-06-09T09:04:02.450Z", "updated_at": "2023-06-09T09:04:02.450Z"}}, {"model": "orders.orderedfood", "pk": 30, "fields": {"order": 37, "payment": 16, "user": 47, "fooditem": 17, "quantity": 1, "price": 11.0, "amount": 11.0, "created_at": "2023-06-09T09:04:02.452Z", "updated_at": "2023-06-09T09:04:02.452Z"}}, {"model": "orders.orderedfood", "pk": 31, "fields": {"order": 38, "payment": 17, "user": 47, "fooditem": 2, "quantity": 1, "price": 12.0, "amount": 12.0, "created_at": "2023-06-09T09:13:07.463Z", "updated_at": "2023-06-09T09:13:07.463Z"}}, {"model": "orders.orderedfood", "pk": 32, "fields": {"order": 38, "payment": 17, "user": 47, "fooditem": 3, "quantity": 1, "price": 15.0, "amount": 15.0, "created_at": "2023-06-09T09:13:07.466Z", "updated_at": "2023-06-09T09:13:07.466Z"}}, {"model": "orders.orderedfood", "pk": 33, "fields": {"order": 38, "payment": 17, "user": 47, "fooditem": 14, "quantity": 1, "price": 10.0, "amount": 10.0, "created_at": "2023-06-09T09:13:07.468Z", "updated_at": "2023-06-09T09:13:07.468Z"}}, {"model": "orders.orderedfood", "pk": 34, "fields": {"order": 38, "payment": 17, "user": 47, "fooditem": 15, "quantity": 1, "price": 11.0, "amount": 11.0, "created_at": "2023-06-09T09:13:07.470Z", "updated_at": "2023-06-09T09:13:07.470Z"}}, {"model": "orders.orderedfood", "pk": 35, "fields": {"order": 38, "payment": 17, "user": 47, "fooditem": 17, "quantity": 1, "price": 11.0, "amount": 11.0, "created_at": "2023-06-09T09:13:07.472Z", "updated_at": "2023-06-09T09:13:07.472Z"}}, {"model": "orders.orderedfood", "pk": 36, "fields": {"order": 38, "payment": 17, "user": 47, "fooditem": 9, "quantity": 1, "price": 15.0, "amount": 15.0, "created_at": "2023-06-09T09:13:07.473Z", "updated_at": "2023-06-09T09:13:07.473Z"}}, {"model": "orders.orderedfood", "pk": 37, "fields": {"order": 39, "payment": 18, "user": 47, "fooditem": 2, "quantity": 1, "price": 12.0, "amount": 12.0, "created_at": "2023-06-09T09:15:42.310Z", "updated_at": "2023-06-09T09:15:42.310Z"}}, {"model": "orders.orderedfood", "pk": 38, "fields": {"order": 39, "payment": 18, "user": 47, "fooditem": 3, "quantity": 1, "price": 15.0, "amount": 15.0, "created_at": "2023-06-09T09:15:42.313Z", "updated_at": "2023-06-09T09:15:42.313Z"}}, {"model": "orders.orderedfood", "pk": 39, "fields": {"order": 39, "payment": 18, "user": 47, "fooditem": 14, "quantity": 1, "price": 10.0, "amount": 10.0, "created_at": "2023-06-09T09:15:42.314Z", "updated_at": "2023-06-09T09:15:42.314Z"}}, {"model": "orders.orderedfood", "pk": 40, "fields": {"order": 39, "payment": 18, "user": 47, "fooditem": 17, "quantity": 1, "price": 11.0, "amount": 11.0, "created_at": "2023-06-09T09:15:42.317Z", "updated_at": "2023-06-09T09:15:42.317Z"}}, {"model": "orders.orderedfood", "pk": 41, "fields": {"order": 39, "payment": 18, "user": 47, "fooditem": 9, "quantity": 1, "price": 15.0, "amount": 15.0, "created_at": "2023-06-09T09:15:42.319Z", "updated_at": "2023-06-09T09:15:42.319Z"}}, {"model": "orders.orderedfood", "pk": 42, "fields": {"order": 40, "payment": 19, "user": 47, "fooditem": 2, "quantity": 1, "price": 12.0, "amount": 12.0, "created_at": "2023-06-09T09:16:49.727Z", "updated_at": "2023-06-09T09:16:49.727Z"}}, {"model": "orders.orderedfood", "pk": 43, "fields": {"order": 40, "payment": 19, "user": 47, "fooditem": 3, "quantity": 1, "price": 15.0, "amount": 15.0, "created_at": "2023-06-09T09:16:49.731Z", "updated_at": "2023-06-09T09:16:49.731Z"}}, {"model": "orders.orderedfood", "pk": 44, "fields": {"order": 40, "payment": 19, "user": 47, "fooditem": 14, "quantity": 1, "price": 10.0, "amount": 10.0, "created_at": "2023-06-09T09:16:49.733Z", "updated_at": "2023-06-09T09:16:49.733Z"}}, {"model": "orders.orderedfood", "pk": 45, "fields": {"order": 40, "payment": 19, "user": 47, "fooditem": 17, "quantity": 1, "price": 11.0, "amount": 11.0, "created_at": "2023-06-09T09:16:49.735Z", "updated_at": "2023-06-09T09:16:49.735Z"}}, {"model": "orders.orderedfood", "pk": 46, "fields": {"order": 40, "payment": 19, "user": 47, "fooditem": 9, "quantity": 1, "price": 15.0, "amount": 15.0, "created_at": "2023-06-09T09:16:49.736Z", "updated_at": "2023-06-09T09:16:49.736Z"}}, {"model": "orders.orderedfood", "pk": 47, "fields": {"order": 44, "payment": 20, "user": 47, "fooditem": 17, "quantity": 2, "price": 11.0, "amount": 22.0, "created_at": "2023-06-09T12:59:46.029Z", "updated_at": "2023-06-09T12:59:46.029Z"}}, {"model": "orders.orderedfood", "pk": 48, "fields": {"order": 44, "payment": 20, "user": 47, "fooditem": 9, "quantity": 4, "price": 15.0, "amount": 60.0, "created_at": "2023-06-09T12:59:46.035Z", "updated_at": "2023-06-09T12:59:46.035Z"}}, {"model": "orders.orderedfood", "pk": 49, "fields": {"order": 44, "payment": 20, "user": 47, "fooditem": 2, "quantity": 5, "price": 12.0, "amount": 60.0, "created_at": "2023-06-09T12:59:46.038Z", "updated_at": "2023-06-09T12:59:46.038Z"}}, {"model": "orders.orderedfood", "pk": 50, "fields": {"order": 44, "payment": 20, "user": 47, "fooditem": 3, "quantity": 4, "price": 15.0, "amount": 60.0, "created_at": "2023-06-09T12:59:46.041Z", "updated_at": "2023-06-09T12:59:46.041Z"}}, {"model": "orders.orderedfood", "pk": 51, "fields": {"order": 44, "payment": 20, "user": 47, "fooditem": 6, "quantity": 1, "price": 25.0, "amount": 25.0, "created_at": "2023-06-09T12:59:46.045Z", "updated_at": "2023-06-09T12:59:46.045Z"}}, {"model": "orders.orderedfood", "pk": 52, "fields": {"order": 44, "payment": 20, "user": 47, "fooditem": 5, "quantity": 1, "price": 15.0, "amount": 15.0, "created_at": "2023-06-09T12:59:46.056Z", "updated_at": "2023-06-09T12:59:46.056Z"}}, {"model": "orders.orderedfood", "pk": 53, "fields": {"order": 44, "payment": 20, "user": 47, "fooditem": 14, "quantity": 1, "price": 10.0, "amount": 10.0, "created_at": "2023-06-09T12:59:46.059Z", "updated_at": "2023-06-09T12:59:46.059Z"}}, {"model": "orders.orderedfood", "pk": 54, "fields": {"order": 45, "payment": 21, "user": 47, "fooditem": 1, "quantity": 2, "price": 10.0, "amount": 20.0, "created_at": "2023-06-09T13:58:24.777Z", "updated_at": "2023-06-09T13:58:24.777Z"}}, {"model": "orders.orderedfood", "pk": 55, "fields": {"order": 45, "payment": 21, "user": 47, "fooditem": 6, "quantity": 2, "price": 25.0, "amount": 50.0, "created_at": "2023-06-09T13:58:24.780Z", "updated_at": "2023-06-09T13:58:24.780Z"}}, {"model": "orders.orderedfood", "pk": 56, "fields": {"order": 46, "payment": 22, "user": 47, "fooditem": 6, "quantity": 1, "price": 25.0, "amount": 25.0, "created_at": "2023-06-09T17:01:54.196Z", "updated_at": "2023-06-09T17:01:54.196Z"}}, {"model": "orders.orderedfood", "pk": 57, "fields": {"order": 47, "payment": 23, "user": 47, "fooditem": 6, "quantity": 1, "price": 25.0, "amount": 25.0, "created_at": "2023-06-09T17:07:59.139Z", "updated_at": "2023-06-09T17:07:59.139Z"}}, {"model": "orders.orderedfood", "pk": 58, "fields": {"order": 47, "payment": 23, "user": 47, "fooditem": 18, "quantity": 1, "price": 3.0, "amount": 3.0, "created_at": "2023-06-09T17:07:59.140Z", "updated_at": "2023-06-09T17:07:59.140Z"}}, {"model": "orders.orderedfood", "pk": 59, "fields": {"order": 47, "payment": 23, "user": 47, "fooditem": 19, "quantity": 1, "price": 4.0, "amount": 4.0, "created_at": "2023-06-09T17:07:59.141Z", "updated_at": "2023-06-09T17:07:59.141Z"}}, {"model": "orders.orderedfood", "pk": 60, "fields": {"order": 47, "payment": 23, "user": 47, "fooditem": 17, "quantity": 1, "price": 11.0, "amount": 11.0, "created_at": "2023-06-09T17:07:59.142Z", "updated_at": "2023-06-09T17:07:59.142Z"}}, {"model": "orders.orderedfood", "pk": 61, "fields": {"order": 48, "payment": 24, "user": 47, "fooditem": 6, "quantity": 1, "price": 25.0, "amount": 25.0, "created_at": "2023-06-09T17:11:08.399Z", "updated_at": "2023-06-09T17:11:08.399Z"}}, {"model": "orders.orderedfood", "pk": 62, "fields": {"order": 48, "payment": 24, "user": 47, "fooditem": 18, "quantity": 1, "price": 3.0, "amount": 3.0, "created_at": "2023-06-09T17:11:08.401Z", "updated_at": "2023-06-09T17:11:08.401Z"}}, {"model": "orders.orderedfood", "pk": 63, "fields": {"order": 48, "payment": 24, "user": 47, "fooditem": 19, "quantity": 1, "price": 4.0, "amount": 4.0, "created_at": "2023-06-09T17:11:08.404Z", "updated_at": "2023-06-09T17:11:08.404Z"}}, {"model": "orders.orderedfood", "pk": 64, "fields": {"order": 48, "payment": 24, "user": 47, "fooditem": 17, "quantity": 1, "price": 11.0, "amount": 11.0, "created_at": "2023-06-09T17:11:08.406Z", "updated_at": "2023-06-09T17:11:08.406Z"}}, {"model": "orders.orderedfood", "pk": 65, "fields": {"order": 49, "payment": 25, "user": 47, "fooditem": 6, "quantity": 1, "price": 25.0, "amount": 25.0, "created_at": "2023-06-09T17:12:52.128Z", "updated_at": "2023-06-09T17:12:52.128Z"}}, {"model": "orders.orderedfood", "pk": 66, "fields": {"order": 49, "payment": 25, "user": 47, "fooditem": 18, "quantity": 1, "price": 3.0, "amount": 3.0, "created_at": "2023-06-09T17:12:52.131Z", "updated_at": "2023-06-09T17:12:52.131Z"}}, {"model": "orders.orderedfood", "pk": 67, "fields": {"order": 49, "payment": 25, "user": 47, "fooditem": 19, "quantity": 1, "price": 4.0, "amount": 4.0, "created_at": "2023-06-09T17:12:52.134Z", "updated_at": "2023-06-09T17:12:52.134Z"}}, {"model": "orders.orderedfood", "pk": 68, "fields": {"order": 49, "payment": 25, "user": 47, "fooditem": 17, "quantity": 1, "price": 11.0, "amount": 11.0, "created_at": "2023-06-09T17:12:52.137Z", "updated_at": "2023-06-09T17:12:52.137Z"}}, {"model": "orders.orderedfood", "pk": 69, "fields": {"order": 50, "payment": 26, "user": 47, "fooditem": 6, "quantity": 1, "price": 25.0, "amount": 25.0, "created_at": "2023-06-09T17:15:20.622Z", "updated_at": "2023-06-09T17:15:20.622Z"}}, {"model": "orders.orderedfood", "pk": 70, "fields": {"order": 50, "payment": 26, "user": 47, "fooditem": 18, "quantity": 1, "price": 3.0, "amount": 3.0, "created_at": "2023-06-09T17:15:20.625Z", "updated_at": "2023-06-09T17:15:20.625Z"}}, {"model": "orders.orderedfood", "pk": 71, "fields": {"order": 50, "payment": 26, "user": 47, "fooditem": 19, "quantity": 1, "price": 4.0, "amount": 4.0, "created_at": "2023-06-09T17:15:20.627Z", "updated_at": "2023-06-09T17:15:20.627Z"}}, {"model": "orders.orderedfood", "pk": 72, "fields": {"order": 50, "payment": 26, "user": 47, "fooditem": 17, "quantity": 1, "price": 11.0, "amount": 11.0, "created_at": "2023-06-09T17:15:20.629Z", "updated_at": "2023-06-09T17:15:20.629Z"}}, {"model": "orders.orderedfood", "pk": 73, "fields": {"order": 51, "payment": 27, "user": 47, "fooditem": 6, "quantity": 1, "price": 25.0, "amount": 25.0, "created_at": "2023-06-09T17:24:57.461Z", "updated_at": "2023-06-09T17:24:57.461Z"}}, {"model": "orders.orderedfood", "pk": 74, "fields": {"order": 51, "payment": 27, "user": 47, "fooditem": 18, "quantity": 1, "price": 3.0, "amount": 3.0, "created_at": "2023-06-09T17:24:57.463Z", "updated_at": "2023-06-09T17:24:57.463Z"}}, {"model": "orders.orderedfood", "pk": 75, "fields": {"order": 51, "payment": 27, "user": 47, "fooditem": 19, "quantity": 1, "price": 4.0, "amount": 4.0, "created_at": "2023-06-09T17:24:57.464Z", "updated_at": "2023-06-09T17:24:57.464Z"}}, {"model": "orders.orderedfood", "pk": 76, "fields": {"order": 51, "payment": 27, "user": 47, "fooditem": 17, "quantity": 1, "price": 11.0, "amount": 11.0, "created_at": "2023-06-09T17:24:57.465Z", "updated_at": "2023-06-09T17:24:57.465Z"}}, {"model": "orders.orderedfood", "pk": 77, "fields": {"order": 52, "payment": 28, "user": 47, "fooditem": 6, "quantity": 1, "price": 25.0, "amount": 25.0, "created_at": "2023-06-09T17:42:24.907Z", "updated_at": "2023-06-09T17:42:24.907Z"}}, {"model": "orders.orderedfood", "pk": 78, "fields": {"order": 52, "payment": 28, "user": 47, "fooditem": 18, "quantity": 1, "price": 3.0, "amount": 3.0, "created_at": "2023-06-09T17:42:24.909Z", "updated_at": "2023-06-09T17:42:24.909Z"}}, {"model": "orders.orderedfood", "pk": 79, "fields": {"order": 52, "payment": 28, "user": 47, "fooditem": 19, "quantity": 1, "price": 4.0, "amount": 4.0, "created_at": "2023-06-09T17:42:24.911Z", "updated_at": "2023-06-09T17:42:24.911Z"}}, {"model": "orders.orderedfood", "pk": 80, "fields": {"order": 52, "payment": 28, "user": 47, "fooditem": 17, "quantity": 1, "price": 11.0, "amount": 11.0, "created_at": "2023-06-09T17:42:24.912Z", "updated_at": "2023-06-09T17:42:24.912Z"}}, {"model": "orders.orderedfood", "pk": 81, "fields": {"order": 53, "payment": 29, "user": 47, "fooditem": 6, "quantity": 1, "price": 25.0, "amount": 25.0, "created_at": "2023-06-09T17:47:31.497Z", "updated_at": "2023-06-09T17:47:31.497Z"}}, {"model": "orders.orderedfood", "pk": 82, "fields": {"order": 53, "payment": 29, "user": 47, "fooditem": 20, "quantity": 1, "price": 3.0, "amount": 3.0, "created_at": "2023-06-09T17:47:31.499Z", "updated_at": "2023-06-09T17:47:31.499Z"}}, {"model": "orders.orderedfood", "pk": 83, "fields": {"order": 54, "payment": 30, "user": 47, "fooditem": 6, "quantity": 1, "price": 25.0, "amount": 25.0, "created_at": "2023-06-09T17:57:07.906Z", "updated_at": "2023-06-09T17:57:07.906Z"}}, {"model": "orders.orderedfood", "pk": 84, "fields": {"order": 54, "payment": 30, "user": 47, "fooditem": 20, "quantity": 1, "price": 3.0, "amount": 3.0, "created_at": "2023-06-09T17:57:07.908Z", "updated_at": "2023-06-09T17:57:07.908Z"}}, {"model": "orders.orderedfood", "pk": 85, "fields": {"order": 55, "payment": 31, "user": 47, "fooditem": 6, "quantity": 1, "price": 25.0, "amount": 25.0, "created_at": "2023-06-09T17:59:32.818Z", "updated_at": "2023-06-09T17:59:32.818Z"}}, {"model": "orders.orderedfood", "pk": 86, "fields": {"order": 55, "payment": 31, "user": 47, "fooditem": 20, "quantity": 1, "price": 3.0, "amount": 3.0, "created_at": "2023-06-09T17:59:32.820Z", "updated_at": "2023-06-09T17:59:32.820Z"}}, {"model": "orders.orderedfood", "pk": 87, "fields": {"order": 56, "payment": 32, "user": 47, "fooditem": 6, "quantity": 1, "price": 25.0, "amount": 25.0, "created_at": "2023-06-10T07:21:38.498Z", "updated_at": "2023-06-10T07:21:38.498Z"}}, {"model": "orders.orderedfood", "pk": 88, "fields": {"order": 56, "payment": 32, "user": 47, "fooditem": 20, "quantity": 2, "price": 3.0, "amount": 6.0, "created_at": "2023-06-10T07:21:38.504Z", "updated_at": "2023-06-10T07:21:38.504Z"}}]